START_DATE,END_DATE,CATEGORY,START,STOP,MILES,PURPOSE,,
1/1/2016 21:11,1/1/2016 21:17,Business,Fort Pierce,Fort Pierce,0.5,Meal/Entertain,,
1/2/2016 1:25,1/2/2016 1:37,Business,Fort Pierce,Fort Pierce,0.5,,,
1/2/2016 20:25,1/2/2016 20:38,Business,Fort Pierce,Fort Pierce,0.5,Errand/Supplies,,
1/5/2016 17:31,1/5/2016 17:45,Business,Fort Pierce,Fort Pierce,0.6,Meeting,,
1/6/2016 14:42,1/6/2016 15:49,Business,Fort Pierce,West Palm Beach,0.6,Customer Visit,,
1/6/2016 17:15,1/6/2016 17:19,Business,West Palm Beach,West Palm Beach,0.6,Meal/Entertain,,
1/6/2016 17:30,1/6/2016 17:35,Business,West Palm Beach,Palm Beach,0.6,Meeting,,
1/7/2016 13:27,1/7/2016 13:33,Business,Cary,Cary,0.6,Meeting,,
1/10/2016 8:05,1/10/2016 8:25,Business,Cary,Morrisville,0.7,Meeting,,
1/10/2016 12:17,1/10/2016 12:44,Business,Jamaica,New York,0.7,Customer Visit,,
1/10/2016 15:08,1/10/2016 15:51,Business,New York,Queens,0.7,Meeting,,
1/10/2016 18:18,1/10/2016 18:53,Business,Elmhurst,New York,0.7,Meeting,,
1/10/2016 19:12,1/10/2016 19:32,Business,Midtown,East Harlem,0.7,Meeting,,
1/11/2016 8:55,1/11/2016 9:21,Business,East Harlem,NoMad,0.7,Temporary Site,,
1/11/2016 11:56,1/11/2016 12:03,Business,Flatiron District,Midtown,0.7,Errand/Supplies,,
1/11/2016 13:32,1/11/2016 13:46,Business,Midtown,Midtown East,0.7,Meal/Entertain,,
1/11/2016 14:30,1/11/2016 14:43,Business,Midtown East,Midtown,0.8,Meal/Entertain,,
1/12/2016 12:33,1/12/2016 12:49,Business,Midtown,Hudson Square,0.8,Meal/Entertain,,
1/12/2016 12:53,1/12/2016 13:09,Business,Hudson Square,Lower Manhattan,0.8,Meal/Entertain,,
1/12/2016 14:42,1/12/2016 14:56,Business,Lower Manhattan,Hudson Square,0.8,Errand/Supplies,,
1/12/2016 15:13,1/12/2016 15:28,Business,Hudson Square,Hell's Kitchen,0.8,Customer Visit,,
1/12/2016 15:42,1/12/2016 15:54,Business,Hell's Kitchen,Midtown,0.8,Errand/Supplies,,
1/12/2016 16:02,1/12/2016 17:00,Business,New York,Queens County,0.9,Meeting,,
1/13/2016 13:54,1/13/2016 14:07,Business,Downtown,Gulfton,0.9,Meeting,,
1/13/2016 15:00,1/13/2016 15:28,Business,Gulfton,Downtown,0.9,Meeting,,
1/14/2016 16:29,1/14/2016 17:05,Business,Houston,Houston,0.9,Customer Visit,,
1/14/2016 21:39,1/14/2016 21:45,Business,Eagan Park,Jamestown Court,0.9,Errand/Supplies,,
1/15/2016 0:41,1/15/2016 1:01,Business,Morrisville,Cary,0.9,Errand/Supplies,,
1/15/2016 11:43,1/15/2016 12:03,Business,Cary,Durham,0.9,Meal/Entertain,,
1/15/2016 13:26,1/15/2016 13:44,Business,Durham,Cary,0.9,Meal/Entertain,,
1/18/2016 14:55,1/18/2016 15:06,Business,Cary,Cary,1.0,Meal/Entertain,,
1/18/2016 16:13,1/18/2016 16:24,Business,Farmington Woods,Whitebridge,1.0,Meal/Entertain,,
1/19/2016 9:09,1/19/2016 9:23,Business,Whitebridge,Lake Wellingborough,1.0,,,
1/19/2016 10:55,1/19/2016 11:09,Business,Lake Wellingborough,Whitebridge,1.0,Temporary Site,,
1/20/2016 10:36,1/20/2016 11:11,Business,Cary,Raleigh,1.0,Meeting,,
1/20/2016 11:48,1/20/2016 12:19,Business,Fayetteville Street,Umstead,1.0,Meeting,,
1/20/2016 13:25,1/20/2016 14:19,Business,Raleigh,Cary,1.0,Customer Visit,,
1/21/2016 14:25,1/21/2016 14:29,Business,Cary,Cary,1.0,Errand/Supplies,,
1/21/2016 14:43,1/21/2016 14:51,Business,Cary,Cary,1.0,Meal/Entertain,,
1/21/2016 16:01,1/21/2016 16:06,Business,Cary,Cary,1.0,Meal/Entertain,,
1/26/2016 10:41,1/26/2016 10:50,Business,Whitebridge,Hazelwood,1.0,Meal/Entertain,,
1/26/2016 12:33,1/26/2016 12:41,Business,Hazelwood,Whitebridge,1.1,Errand/Supplies,,
1/26/2016 16:24,1/26/2016 16:32,Business,Whitebridge,Westpark Place,1.1,Errand/Supplies,,
1/26/2016 17:17,1/26/2016 17:22,Business,Cary,Cary,1.1,Errand/Supplies,,
1/26/2016 17:27,1/26/2016 17:29,Business,Cary,Cary,1.1,Errand/Supplies,,
1/27/2016 9:24,1/27/2016 9:31,Business,Cary,Cary,1.1,Meeting,,
1/27/2016 10:19,1/27/2016 10:48,Business,Cary,Raleigh,1.1,Customer Visit,,
1/27/2016 12:34,1/27/2016 12:44,Business,Fairmont,Meredith Townes,1.1,Customer Visit,,
1/27/2016 14:05,1/27/2016 14:13,Business,Raleigh,Raleigh,1.1,Customer Visit,,
1/27/2016 14:46,1/27/2016 15:08,Business,Raleigh,Cary,1.1,Customer Visit,,
1/28/2016 12:28,1/28/2016 13:00,Business,Cary,Raleigh,1.2,Temporary Site,,
1/28/2016 15:11,1/28/2016 15:31,Business,Meredith Townes,Leesville Hollow,1.2,Meeting,,
1/28/2016 16:21,1/28/2016 16:51,Business,Raleigh,Cary,1.2,Meeting,,
1/29/2016 9:31,1/29/2016 9:45,Business,Cary,Cary,1.2,Customer Visit,,
1/29/2016 10:56,1/29/2016 11:07,Business,Cary,Cary,1.2,Meeting,,
1/29/2016 11:43,1/29/2016 12:03,Business,Cary,Durham,1.2,Meeting,,
1/29/2016 13:24,1/29/2016 13:47,Business,Durham,Cary,1.2,Meeting,,
1/29/2016 18:31,1/29/2016 18:52,Business,Cary,Apex,1.2,Errand/Supplies,,
1/29/2016 21:21,1/29/2016 21:40,Business,Apex,Cary,1.2,Meal/Entertain,,
1/30/2016 16:21,1/30/2016 16:33,Business,Cary,Apex,1.3,Errand/Supplies,,
1/30/2016 18:09,1/30/2016 18:24,Business,Apex,Cary,1.3,Customer Visit,,
2/1/2016 10:35,2/1/2016 11:15,Business,Cary,Chapel Hill,1.3,Customer Visit,,
2/1/2016 12:10,2/1/2016 12:43,Business,Chapel Hill,Cary,1.3,Customer Visit,,
2/1/2016 12:56,2/1/2016 13:07,Business,Northwoods,Whitebridge,1.3,Meal/Entertain,,
2/2/2016 13:04,2/2/2016 13:23,Business,Whitebridge,Williamsburg Manor,1.3,Meeting,,
2/2/2016 13:51,2/2/2016 14:06,Business,Cary,Cary,1.3,Errand/Supplies,,
2/2/2016 14:38,2/2/2016 14:42,Business,Cary,Cary,1.3,Errand/Supplies,,
2/4/2016 8:40,2/4/2016 9:01,Business,Cary,Morrisville,1.4,Errand/Supplies,,
2/4/2016 9:37,2/4/2016 10:09,Business,Morrisville,Cary,1.4,Meal/Entertain,,
2/4/2016 10:26,2/4/2016 10:32,Business,Cary,Cary,1.4,Meal/Entertain,,
2/4/2016 15:59,2/4/2016 16:03,Business,Cary,Cary,1.4,Meal/Entertain,,
2/4/2016 16:35,2/4/2016 16:39,Business,Cary,Cary,1.4,Meal/Entertain,,
2/4/2016 18:04,2/4/2016 18:31,Business,Whitebridge,Macgregor Downs,1.4,Meeting,,
2/4/2016 20:36,2/4/2016 20:55,Business,Cary,Cary,1.4,Meeting,,
2/5/2016 11:47,2/5/2016 12:07,Business,Cary,Durham,1.4,Meeting,,
2/5/2016 13:22,2/5/2016 13:41,Business,Durham,Cary,1.4,Meeting,,
2/6/2016 16:20,2/6/2016 16:53,Business,Cary,Raleigh,1.4,Between Offices,,
2/6/2016 18:57,2/6/2016 19:21,Business,Raleigh,Cary,1.4,Errand/Supplies,,
2/6/2016 19:28,2/6/2016 19:37,Business,Edgehill Farms,Whitebridge,1.4,Meal/Entertain,,
2/7/2016 16:49,2/7/2016 17:01,Business,Cary,Apex,1.4,Errand/Supplies,,
2/7/2016 18:03,2/7/2016 18:17,Business,Apex,Cary,1.4,Customer Visit,,
2/7/2016 18:39,2/7/2016 18:53,Business,Cary,Morrisville,1.5,Temporary Site,,
2/7/2016 20:22,2/7/2016 20:40,Business,Morrisville,Cary,1.5,Meeting,,
2/8/2016 12:57,2/8/2016 13:08,Business,Whitebridge,Edgehill Farms,1.5,Meal/Entertain,,
2/8/2016 14:00,2/8/2016 14:10,Business,Edgehill Farms,Whitebridge,1.5,Meal/Entertain,,
2/9/2016 10:54,2/9/2016 11:07,Personal,Whitebridge,Northwoods,1.5,,,
2/9/2016 11:43,2/9/2016 11:50,Personal,Northwoods,Tanglewood,1.5,,,
2/9/2016 13:36,2/9/2016 13:52,Personal,Tanglewood,Preston,1.5,,,
2/9/2016 13:58,2/9/2016 14:02,Personal,Preston,Whitebridge,1.5,,,
2/9/2016 18:55,2/9/2016 19:11,Business,Cary,Morrisville,1.5,,,
2/9/2016 20:24,2/9/2016 20:40,Business,Morrisville,Cary,1.5,Meal/Entertain,,
2/11/2016 16:28,2/11/2016 17:10,Business,Cary,Raleigh,1.5,Meal/Entertain,,
2/11/2016 17:49,2/11/2016 18:10,Business,Eastgate,Walnut Terrace,1.5,Meal/Entertain,,
2/11/2016 18:24,2/11/2016 18:46,Business,Raleigh,Morrisville,1.6,Temporary Site,,
2/11/2016 20:36,2/11/2016 20:51,Business,Morrisville,Cary,1.6,Temporary Site,,
2/12/2016 8:21,2/12/2016 8:42,Business,Cary,Durham,1.6,Temporary Site,,
2/12/2016 10:45,2/12/2016 10:52,Business,Durham,Morrisville,1.6,Temporary Site,,
2/12/2016 11:14,2/12/2016 11:35,Business,Morrisville,Raleigh,1.6,Customer Visit,,
2/12/2016 13:02,2/12/2016 13:36,Business,Raleigh,Cary,1.6,Meeting,,
2/12/2016 14:49,2/12/2016 15:06,Business,Cary,Morrisville,1.6,Meeting,,
2/12/2016 15:33,2/12/2016 16:06,Business,Morrisville,Cary,1.6,Customer Visit,,
2/13/2016 14:21,2/13/2016 14:41,Business,Cary,Morrisville,1.6,Meeting,,
2/13/2016 23:45,2/14/2016 0:01,Personal,East Elmhurst,Jackson Heights,1.6,,,
2/14/2016 0:50,2/14/2016 1:00,Personal,Jackson Heights,East Elmhurst,1.6,,,
2/14/2016 14:07,2/14/2016 14:40,Business,East Elmhurst,New York,1.6,Meeting,,
2/14/2016 14:46,2/14/2016 15:03,Business,Midtown,Midtown West,1.6,Meeting,,
2/14/2016 16:35,2/14/2016 17:02,Business,New York,Long Island City,1.7,Meeting,,
2/14/2016 17:06,2/14/2016 17:29,Business,Long Island City,Jamaica,1.7,Meeting,,
2/16/2016 3:21,2/16/2016 4:13,Business,Katunayaka,Unknown Location,1.7,Customer Visit,,
2/16/2016 8:29,2/16/2016 9:34,Business,Unknown Location,Colombo,1.7,,,
2/16/2016 10:31,2/16/2016 10:41,Business,Colombo,Colombo,1.7,,,
2/16/2016 11:32,2/16/2016 12:02,Business,Colombo,Colombo,1.7,,,
2/16/2016 12:39,2/16/2016 12:42,Business,Colombo,Colombo,1.7,,,
2/16/2016 13:43,2/16/2016 13:55,Business,Colombo,Colombo,1.7,Temporary Site,,
2/16/2016 16:34,2/16/2016 17:10,Business,Colombo,Colombo,1.7,,,
2/16/2016 17:17,2/16/2016 17:26,Business,Colombo,Nugegoda,1.7,Meal/Entertain,,
2/16/2016 17:40,2/16/2016 17:44,Business,Nugegoda,Unknown Location,1.7,Errand/Supplies,,
2/17/2016 13:18,2/17/2016 14:04,Business,Unknown Location,Colombo,1.7,Temporary Site,,
2/17/2016 15:17,2/17/2016 15:22,Business,Colombo,Colombo,1.7,Meal/Entertain,,
2/17/2016 15:33,2/17/2016 16:17,Business,Colombo,Katunayaka,1.7,Temporary Site,,
2/17/2016 16:38,2/17/2016 16:43,Business,Katunayaka,Katunayaka,1.7,Errand/Supplies,,
2/18/2016 8:19,2/18/2016 8:27,Business,Unknown Location,Unknown Location,1.7,Temporary Site,,
2/18/2016 14:03,2/18/2016 14:45,Business,Unknown Location,Islamabad,1.7,Temporary Site,,
2/18/2016 15:16,2/18/2016 15:31,Business,Islamabad,Unknown Location,1.7,Temporary Site,,
2/18/2016 18:44,2/18/2016 18:58,Business,Unknown Location,Islamabad,1.8,Customer Visit,,
2/18/2016 19:27,2/18/2016 20:08,Business,Islamabad,Unknown Location,1.8,Meeting,,
2/19/2016 9:02,2/19/2016 9:14,Business,Unknown Location,Unknown Location,1.8,Meeting,,
2/19/2016 9:21,2/19/2016 9:51,Business,Unknown Location,Unknown Location,1.8,Meeting,,
2/19/2016 10:21,2/19/2016 10:48,Business,Unknown Location,Islamabad,1.8,Meeting,,
2/19/2016 11:20,2/19/2016 11:26,Personal,Islamabad,Islamabad,1.8,,,
2/19/2016 11:45,2/19/2016 11:50,Personal,Islamabad,Islamabad,1.8,,,
2/19/2016 12:09,2/19/2016 12:27,Business,Islamabad,Unknown Location,1.8,Temporary Site,,
2/19/2016 16:26,2/19/2016 16:45,Business,Unknown Location,Islamabad,1.8,,,
2/19/2016 17:09,2/19/2016 17:20,Business,Islamabad,Islamabad,1.8,,,
2/19/2016 20:08,2/19/2016 20:30,Personal,Islamabad,Unknown Location,1.8,,,
2/19/2016 20:34,2/19/2016 20:51,Personal,Unknown Location,Unknown Location,1.8,,,
2/20/2016 7:59,2/20/2016 8:32,Personal,Unknown Location,Islamabad,1.8,,,
2/20/2016 10:48,2/20/2016 10:56,Personal,Islamabad,Islamabad,1.8,,,
2/20/2016 11:45,2/20/2016 11:53,Personal,Islamabad,Islamabad,1.8,,,
2/20/2016 12:41,2/20/2016 13:17,Business,Islamabad,R?walpindi,1.8,,,
2/20/2016 14:50,2/20/2016 15:54,Business,R?walpindi,R?walpindi,1.8,Meeting,,
2/20/2016 16:59,2/20/2016 17:54,Personal,R?walpindi,Unknown Location,1.8,,,
2/20/2016 18:00,2/20/2016 18:03,Business,Unknown Location,Unknown Location,1.9,Errand/Supplies,,
2/20/2016 19:28,2/20/2016 19:49,Business,Unknown Location,Unknown Location,1.9,Errand/Supplies,,
2/21/2016 9:07,2/21/2016 9:46,Business,Unknown Location,Islamabad,1.9,,,
2/21/2016 11:39,2/21/2016 11:43,Business,Unknown Location,Islamabad,1.9,Errand/Supplies,,
2/21/2016 11:47,2/21/2016 12:01,Business,Islamabad,Islamabad,1.9,Errand/Supplies,,
2/21/2016 12:13,2/21/2016 12:35,Business,Islamabad,Unknown Location,1.9,Meal/Entertain,,
2/21/2016 12:51,2/21/2016 13:12,Business,Unknown Location,Unknown Location,1.9,Temporary Site,,
2/21/2016 13:33,2/21/2016 14:30,Business,Unknown Location,Unknown Location,1.9,Temporary Site,,
2/21/2016 14:36,2/21/2016 15:03,Business,Unknown Location,Islamabad,1.9,Temporary Site,,
2/21/2016 15:14,2/21/2016 15:31,Business,Islamabad,Noorpur Shahan,1.9,Temporary Site,,
2/21/2016 15:36,2/21/2016 15:41,Business,Noorpur Shahan,Unknown Location,1.9,Meal/Entertain,,
2/21/2016 16:04,2/21/2016 16:32,Business,Unknown Location,Unknown Location,1.9,,,
2/21/2016 23:15,2/21/2016 23:52,Business,Unknown Location,R?walpindi,1.9,Meeting,,
2/22/2016 21:54,2/22/2016 22:09,Business,Morrisville,Cary,1.9,Customer Visit,,
2/24/2016 14:30,2/24/2016 14:35,Business,Whitebridge,Preston,1.9,,,
2/24/2016 15:19,2/24/2016 15:25,Business,Preston,Whitebridge,1.9,Errand/Supplies,,
2/25/2016 16:27,2/25/2016 16:35,Business,Whitebridge,Heritage Pines,2.0,Errand/Supplies,,
2/25/2016 16:47,2/25/2016 17:02,Business,Heritage Pines,Whitebridge,2.0,Errand/Supplies,,
2/25/2016 17:16,2/25/2016 17:36,Business,Whitebridge,Tanglewood,2.0,Meal/Entertain,,
2/25/2016 18:22,2/25/2016 18:39,Business,Tanglewood,Whitebridge,2.0,Meal/Entertain,,
2/26/2016 9:06,2/26/2016 9:29,Business,Whitebridge,Westpark Place,2.0,,,
2/26/2016 11:05,2/26/2016 11:11,Personal,Westpark Place,Whitebridge,2.0,,,
2/26/2016 11:35,2/26/2016 11:59,Business,Cary,Durham,2.0,Meeting,,
2/26/2016 13:01,2/26/2016 13:24,Business,Durham,Cary,2.0,Meeting,,
2/26/2016 14:38,2/26/2016 14:46,Personal,Whitebridge,Westpark Place,2.0,,,
2/26/2016 15:00,2/26/2016 15:18,Personal,Westpark Place,Hazelwood,2.0,,,
2/26/2016 17:01,2/26/2016 17:12,Personal,Hazelwood,Whitebridge,2.0,,,
2/28/2016 5:22,2/28/2016 5:38,Business,Whitebridge,Waverly Place,2.0,Meeting,,
2/28/2016 9:26,2/28/2016 9:42,Business,Waverly Place,Whitebridge,2.0,Meeting,,
2/29/2016 11:07,2/29/2016 11:14,Personal,Whitebridge,Westpark Place,2.0,,,
2/29/2016 11:30,2/29/2016 11:40,Business,Cary,Apex,2.0,Meeting,,
2/29/2016 12:36,2/29/2016 12:48,Business,Apex,Cary,2.0,Meeting,,
2/29/2016 14:55,2/29/2016 15:03,Business,Whitebridge,Hazelwood,2.1,,,
2/29/2016 16:40,2/29/2016 17:00,Business,Hazelwood,Whitebridge,2.1,Customer Visit,,
3/1/2016 18:47,3/1/2016 19:10,Business,Whitebridge,Wayne Ridge,2.1,Meal/Entertain,,
3/1/2016 21:27,3/1/2016 21:45,Business,Wayne Ridge,Whitebridge,2.1,Meeting,,
3/3/2016 9:45,3/3/2016 9:52,Personal,Whitebridge,Westpark Place,2.1,,,
3/3/2016 11:04,3/3/2016 11:10,Business,Westpark Place,Whitebridge,2.1,Errand/Supplies,,
3/3/2016 14:44,3/3/2016 14:58,Business,Whitebridge,Northwoods,2.1,Meal/Entertain,,
3/3/2016 15:27,3/3/2016 15:48,Business,Cary,Raleigh,2.1,Customer Visit,,
3/3/2016 16:02,3/3/2016 16:42,Business,Raleigh,Cary,2.1,Meeting,,
3/4/2016 7:47,3/4/2016 8:06,Business,Cary,Durham,2.1,Meeting,,
3/4/2016 9:46,3/4/2016 10:03,Business,Durham,Cary,2.1,Customer Visit,,
3/4/2016 11:46,3/4/2016 12:06,Business,Cary,Durham,2.1,Meeting,,
3/4/2016 13:03,3/4/2016 13:25,Business,Durham,Cary,2.1,Meeting,,
3/4/2016 13:40,3/4/2016 14:09,Business,Cary,Raleigh,2.1,Customer Visit,,
3/4/2016 15:56,3/4/2016 16:08,Business,Raleigh,Raleigh,2.1,Meal/Entertain,,
3/4/2016 16:16,3/4/2016 16:22,Business,Fayetteville Street,Depot Historic District,2.1,Errand/Supplies,,
3/4/2016 16:43,3/4/2016 17:12,Business,Raleigh,Cary,2.1,Meeting,,
3/4/2016 19:02,3/4/2016 19:08,Business,Cary,Morrisville,2.1,Temporary Site,,
3/4/2016 19:16,3/4/2016 19:25,Business,Morrisville,Cary,2.1,Meal/Entertain,,
3/5/2016 11:44,3/5/2016 11:59,Business,Cary,Morrisville,2.2,Meal/Entertain,,
3/5/2016 12:57,3/5/2016 13:12,Personal,Weston,Weston,2.2,,,
3/5/2016 14:08,3/5/2016 14:18,Personal,Morrisville,Cary,2.2,,,
3/5/2016 14:39,3/5/2016 15:01,Business,Whitebridge,Wayne Ridge,2.2,Meal/Entertain,,
3/5/2016 16:52,3/5/2016 17:13,Business,Cary,Morrisville,2.2,Meal/Entertain,,
3/5/2016 17:23,3/5/2016 17:34,Business,Morrisville,Cary,2.2,Meal/Entertain,,
3/7/2016 9:10,3/7/2016 9:20,Business,Whitebridge,Edgehill Farms,2.2,Errand/Supplies,,
3/7/2016 9:23,3/7/2016 9:47,Business,Cary,Raleigh,2.2,Customer Visit,,
3/7/2016 12:10,3/7/2016 12:26,Business,Fayetteville Street,Meredith Townes,2.2,Customer Visit,,
3/7/2016 13:57,3/7/2016 14:18,Business,Meredith Townes,Leesville Hollow,2.2,Meeting,,
3/7/2016 15:19,3/7/2016 15:45,Business,Raleigh,Cary,2.2,Between Offices,,
3/8/2016 14:38,3/8/2016 14:55,Business,Whitebridge,Waverly Place,2.2,Between Offices,,
3/8/2016 15:35,3/8/2016 16:00,Business,Waverly Place,Whitebridge,2.2,Meal/Entertain,,
3/8/2016 16:13,3/8/2016 16:25,Personal,Whitebridge,Whitebridge,2.2,,,
3/10/2016 3:36,3/10/2016 3:53,Business,Cary,Morrisville,2.2,Meeting,,
3/10/2016 10:08,3/10/2016 10:37,Business,East Austin,West University,2.2,Meeting,,
3/10/2016 14:39,3/10/2016 14:55,Business,West University,South Congress,2.2,,,
3/10/2016 16:18,3/10/2016 16:28,Business,South Congress,Arts District,2.2,,,
3/11/2016 9:47,3/11/2016 9:59,Business,The Drag,Congress Ave District,2.3,Meal/Entertain,,
3/11/2016 10:29,3/11/2016 10:36,Business,Congress Ave District,Downtown,2.3,,,
3/11/2016 11:57,3/11/2016 12:04,Business,Downtown,Red River District,2.3,,,
3/11/2016 13:43,3/11/2016 13:51,Business,Red River District,Downtown,2.3,,,
3/11/2016 19:21,3/11/2016 19:35,Business,South Congress,The Drag,2.3,,,
3/12/2016 9:13,3/12/2016 9:22,Business,The Drag,South Congress,2.3,,,
3/12/2016 18:27,3/12/2016 18:37,Personal,South Congress,The Drag,2.3,,,
3/13/2016 9:07,3/13/2016 9:37,Business,The Drag,Convention Center District,2.3,Meal/Entertain,,
3/13/2016 18:23,3/13/2016 18:43,Business,South Congress,North Austin,2.3,Meal/Entertain,,
3/13/2016 20:07,3/13/2016 20:28,Business,Georgian Acres,The Drag,2.3,Meal/Entertain,,
3/13/2016 20:39,3/13/2016 20:58,Business,The Drag,North Austin,2.3,Meal/Entertain,,
3/13/2016 21:11,3/13/2016 21:23,Business,North Austin,Coxville,2.3,Meal/Entertain,,
3/13/2016 22:19,3/13/2016 22:39,Business,Coxville,The Drag,2.4,,,
3/14/2016 8:34,3/14/2016 8:49,Business,The Drag,South Congress,2.4,Errand/Supplies,,
3/14/2016 18:39,3/14/2016 18:55,Business,South Congress,The Drag,2.4,,,
3/15/2016 8:45,3/15/2016 8:57,Business,The Drag,Convention Center District,2.4,Meal/Entertain,,
3/15/2016 20:48,3/15/2016 21:01,Business,Downtown,The Drag,2.4,Meal/Entertain,,
3/16/2016 11:34,3/16/2016 11:45,Business,The Drag,Congress Ave District,2.4,Meal/Entertain,,
3/16/2016 14:44,3/16/2016 14:55,Business,Convention Center District,West University,2.4,,,
3/16/2016 18:43,3/16/2016 18:56,Business,West University,Congress Ave District,2.4,Meal/Entertain,,
3/17/2016 0:33,3/17/2016 0:44,Personal,Downtown,The Drag,2.4,,,
3/17/2016 12:52,3/17/2016 15:11,Business,Austin,Katy,2.5,Customer Visit,,
3/17/2016 15:16,3/17/2016 15:58,Business,Katy,Houston,2.5,Meeting,,
3/17/2016 17:20,3/17/2016 18:02,Business,Midtown,Alief,2.5,Meal/Entertain,,
3/17/2016 18:47,3/17/2016 19:09,Personal,Houston,Houston,2.5,,,
3/17/2016 20:57,3/17/2016 21:28,Personal,Houston,Houston,2.5,,,
3/17/2016 21:48,3/17/2016 22:04,Personal,Sharpstown,Midtown,2.5,,,
3/18/2016 7:15,3/18/2016 7:21,Business,Midtown,Midtown,2.5,Meal/Entertain,,
3/18/2016 8:35,3/18/2016 8:43,Business,Midtown,Midtown,2.5,Meal/Entertain,,
3/18/2016 18:24,3/18/2016 19:08,Business,Midtown,Sharpstown,2.5,Meeting,,
3/18/2016 19:23,3/18/2016 19:29,Business,Sharpstown,Sharpstown,2.5,Errand/Supplies,,
3/18/2016 21:01,3/18/2016 21:15,Business,Sharpstown,Midtown,2.5,Customer Visit,,
3/19/2016 9:10,3/19/2016 9:25,Business,Midtown,Sharpstown,2.5,Meal/Entertain,,
3/19/2016 12:50,3/19/2016 13:13,Business,Houston,Sugar Land,2.5,Customer Visit,,
3/19/2016 14:01,3/19/2016 14:57,Business,Sugar Land,Houston,2.5,Customer Visit,,
3/19/2016 15:34,3/19/2016 16:38,Business,Houston,Galveston,2.5,Meal/Entertain,,
3/19/2016 17:17,3/19/2016 17:32,Business,Galveston,Port Bolivar,2.5,Meal/Entertain,,
3/19/2016 17:37,3/19/2016 17:47,Business,Port Bolivar,Port Bolivar,2.5,Errand/Supplies,,
3/19/2016 17:52,3/19/2016 18:00,Business,Port Bolivar,Port Bolivar,2.5,,,
3/19/2016 18:53,3/19/2016 19:29,Business,Port Bolivar,Galveston,2.5,Meeting,,
3/19/2016 19:33,3/19/2016 20:39,Business,Galveston,Houston,2.6,Customer Visit,,
3/20/2016 7:37,3/20/2016 7:48,Business,Midtown,Washington Avenue,2.6,Meeting,,
3/20/2016 11:42,3/20/2016 11:56,Business,Washington Avenue,Midtown,2.6,Meeting,,
3/20/2016 17:08,3/20/2016 17:34,Business,Midtown,Sharpstown,2.6,,,
3/20/2016 18:34,3/20/2016 18:40,Personal,Sharpstown,Briar Meadow,2.6,,,
3/20/2016 18:45,3/20/2016 19:06,Business,Briar Meadow,Midtown,2.6,Customer Visit,,
3/21/2016 10:21,3/21/2016 10:26,Personal,Midtown,Downtown,2.6,,,
3/21/2016 16:05,3/21/2016 16:13,Business,Downtown,Midtown,2.6,Meal/Entertain,,
3/21/2016 18:59,3/21/2016 19:15,Business,Midtown,Sharpstown,2.6,,,
3/21/2016 20:18,3/21/2016 20:55,Business,Sharpstown,Midtown,2.7,Meal/Entertain,,
3/22/2016 6:17,3/22/2016 6:43,Business,Midtown,Greater Greenspoint,2.7,Meal/Entertain,,
3/22/2016 12:06,3/22/2016 12:24,Personal,Morrisville,Cary,2.7,,,
3/22/2016 19:12,3/22/2016 19:25,Personal,Whitebridge,Whitebridge,2.7,,,
3/23/2016 14:37,3/23/2016 14:42,Personal,Whitebridge,Preston,2.7,,,
3/23/2016 14:53,3/23/2016 14:59,Personal,Preston,Whitebridge,2.7,,,
3/24/2016 19:47,3/24/2016 19:54,Personal,Whitebridge,Westpark Place,2.7,,,
3/24/2016 20:34,3/24/2016 20:40,Business,Westpark Place,Whitebridge,2.7,,,
3/25/2016 13:24,3/25/2016 16:22,Business,Cary,Latta,2.7,Customer Visit,,
3/25/2016 16:52,3/25/2016 22:22,Business,Latta,Jacksonville,2.7,Customer Visit,,
3/25/2016 22:54,3/26/2016 1:39,Business,Jacksonville,Kissimmee,2.7,Meeting,,
3/26/2016 14:05,3/26/2016 14:29,Personal,Couples Glen,Isles of Buena Vista,2.7,,,
3/26/2016 15:19,3/26/2016 15:49,Personal,Kissimmee,Orlando,2.8,,,
3/26/2016 16:26,3/26/2016 16:30,Personal,Lake Reams,Lake Reams,2.8,,,
3/27/2016 0:31,3/27/2016 0:40,Business,Lake Reams,Lake Reams,2.8,Errand/Supplies,,
3/27/2016 1:11,3/27/2016 1:23,Business,Orlando,Kissimmee,2.8,Meal/Entertain,,
3/27/2016 15:31,3/27/2016 15:56,Business,Kissimmee,Orlando,2.8,Customer Visit,,
3/27/2016 21:26,3/27/2016 21:41,Personal,Orlando,Orlando,2.8,,,
3/27/2016 23:04,3/27/2016 23:18,Personal,Orlando,Kissimmee,2.8,,,
3/28/2016 12:29,3/28/2016 12:42,Personal,Kissimmee,Orlando,2.8,,,
3/28/2016 19:30,3/28/2016 20:23,Personal,Couples Glen,Vista East,2.8,,,
3/28/2016 22:55,3/28/2016 23:26,Personal,Orlando,Kissimmee,2.8,,,
3/29/2016 15:27,3/29/2016 16:11,Personal,Kissimmee,Orlando,2.8,,,
3/29/2016 18:20,3/29/2016 18:39,Personal,Sand Lake Commons,Sky Lake,2.8,,,
3/29/2016 20:29,3/29/2016 20:44,Personal,Sky Lake,Sand Lake Commons,2.8,,,
3/29/2016 23:04,3/29/2016 23:21,Personal,Orlando,Kissimmee,2.8,,,
3/30/2016 22:05,3/30/2016 22:55,Business,Orlando,Kissimmee,2.8,Meal/Entertain,,
3/31/2016 12:47,3/31/2016 13:22,Business,Kissimmee,Orlando,2.8,Temporary Site,,
3/31/2016 14:37,3/31/2016 15:09,Business,Orlando,Kissimmee,2.9,Meal/Entertain,,
4/1/2016 13:43,4/1/2016 14:01,Business,Kissimmee,Kissimmee,2.9,Meeting,,
4/1/2016 14:36,4/1/2016 15:24,Business,Kissimmee,Orlando,2.9,Customer Visit,,
4/1/2016 16:01,4/1/2016 16:49,Business,Orlando,Kissimmee,2.9,Meeting,,
4/1/2016 16:52,4/1/2016 16:57,Personal,Kissimmee,Kissimmee,2.9,,,
4/2/2016 8:48,4/2/2016 9:04,Personal,Kissimmee,Kissimmee,2.9,,,
4/2/2016 11:01,4/2/2016 11:16,Personal,Kissimmee,Kissimmee,2.9,,,
4/2/2016 12:21,4/2/2016 14:47,Business,Kissimmee,Daytona Beach,2.9,Customer Visit,,
4/2/2016 16:57,4/2/2016 18:09,Business,Daytona Beach,Jacksonville,2.9,Customer Visit,,
4/2/2016 19:38,4/2/2016 22:36,Business,Jacksonville,Ridgeland,2.9,Customer Visit,,
4/2/2016 23:11,4/3/2016 1:34,Business,Ridgeland,Florence,2.9,Meeting,,
4/3/2016 2:00,4/3/2016 4:16,Business,Florence,Cary,2.9,Meeting,,
4/5/2016 21:39,4/5/2016 21:55,Business,Whitebridge,Wayne Ridge,3.0,Meal/Entertain,,
4/6/2016 0:19,4/6/2016 0:39,Business,Wayne Ridge,Whitebridge,3.0,Meal/Entertain,,
4/7/2016 18:20,4/7/2016 18:39,Business,Cary,Morrisville,3.0,Meal/Entertain,,
4/7/2016 19:45,4/7/2016 20:00,Business,Morrisville,Cary,3.0,Errand/Supplies,,
4/8/2016 12:30,4/8/2016 12:48,Business,Cary,Durham,3.0,Meeting,,
4/8/2016 13:34,4/8/2016 13:51,Business,Durham,Cary,3.0,Meal/Entertain,,
4/8/2016 13:55,4/8/2016 14:03,Business,Westpark Place,Whitebridge,3.0,Errand/Supplies,,
4/8/2016 14:43,4/8/2016 15:20,Business,Cary,Raleigh,3.0,Meeting,,
4/8/2016 16:05,4/8/2016 16:47,Business,Raleigh,Cary,3.0,Meeting,,
4/12/2016 9:15,4/12/2016 9:26,Business,Whitebridge,Edgehill Farms,3.0,Errand/Supplies,,
4/12/2016 9:34,4/12/2016 9:53,Business,Cary,Raleigh,3.0,Meeting,,
4/12/2016 10:58,4/12/2016 11:18,Business,Meredith,Cedar Hill,3.0,Customer Visit,,
4/12/2016 12:22,4/12/2016 12:44,Business,Raleigh,Morrisville,3.0,Meeting,,
4/12/2016 13:42,4/12/2016 14:01,Business,Morrisville,Cary,3.0,Meal/Entertain,,
4/14/2016 7:29,4/14/2016 8:09,Business,Cary,Holly Springs,3.0,Temporary Site,,
4/14/2016 16:00,4/14/2016 16:43,Business,Holly Springs,Cary,3.0,Temporary Site,,
4/15/2016 11:36,4/15/2016 12:07,Business,Cary,Raleigh,3.0,Temporary Site,,
4/15/2016 12:29,4/15/2016 12:32,Business,Meredith Townes,Harden Place,3.0,Errand/Supplies,,
4/15/2016 14:31,4/15/2016 15:01,Business,Raleigh,Cary,3.0,Meeting,,
4/16/2016 12:59,4/16/2016 13:17,Business,Cary,Morrisville,3.1,Errand/Supplies,,
4/16/2016 15:10,4/16/2016 15:26,Business,Morrisville,Cary,3.1,Meal/Entertain,,
4/19/2016 17:44,4/19/2016 18:08,Business,Whitebridge,Wayne Ridge,3.1,Meal/Entertain,,
4/19/2016 19:57,4/19/2016 20:19,Business,Wayne Ridge,Whitebridge,3.1,Meal/Entertain,,
4/22/2016 8:25,4/22/2016 9:04,Business,Cary,Raleigh,3.1,Meeting,,
4/22/2016 10:10,4/22/2016 10:40,Business,Raleigh,Cary,3.1,Meeting,,
4/22/2016 12:08,4/22/2016 12:28,Business,Cary,Durham,3.1,Meeting,,
4/22/2016 13:02,4/22/2016 13:26,Business,Durham,Cary,3.1,Meeting,,
4/23/2016 17:03,4/23/2016 17:16,Business,Whitebridge,Tanglewood,3.1,Meal/Entertain,,
4/23/2016 18:49,4/23/2016 19:05,Business,Tanglewood,Whitebridge,3.1,Meal/Entertain,,
4/24/2016 19:07,4/24/2016 19:16,Business,Cary,Morrisville,3.1,Errand/Supplies,,
4/24/2016 19:46,4/24/2016 19:52,Business,Chessington,Chessington,3.1,Errand/Supplies,,
4/24/2016 21:41,4/24/2016 21:50,Business,Morrisville,Cary,3.1,Between Offices,,
4/27/2016 13:30,4/27/2016 13:40,Business,Whitebridge,Burtrose,3.1,Between Offices,,
4/27/2016 14:13,4/27/2016 14:25,Business,Burtrose,Whitebridge,3.1,Between Offices,,
4/28/2016 12:09,4/28/2016 12:34,Business,Cary,Raleigh,3.1,Customer Visit,,
4/28/2016 13:30,4/28/2016 13:49,Business,Raleigh,Cary,3.1,Customer Visit,,
4/28/2016 22:10,4/28/2016 22:28,Business,Morrisville,Cary,3.1,Customer Visit,,
4/29/2016 11:44,4/29/2016 12:01,Business,Cary,Durham,3.1,Meeting,,
4/29/2016 13:13,4/29/2016 13:34,Business,Durham,Cary,3.1,Meeting,,
4/29/2016 18:46,4/29/2016 19:18,Business,Cary,Durham,3.1,Customer Visit,,
4/29/2016 22:44,4/29/2016 23:19,Business,Durham,Cary,3.1,Meeting,,
4/30/2016 18:42,4/30/2016 18:57,Business,Whitebridge,Waverly Place,3.1,Meal/Entertain,,
4/30/2016 22:16,4/30/2016 22:34,Business,Waverly Place,Whitebridge,3.1,,,
5/1/2016 13:45,5/1/2016 13:53,Business,Whitebridge,Westpark Place,3.1,Meal/Entertain,,
5/1/2016 14:26,5/1/2016 14:31,Business,Westpark Place,Whitebridge,3.1,,,
5/1/2016 17:33,5/1/2016 17:45,Business,Whitebridge,Tanglewood,3.2,Between Offices,,
5/1/2016 17:54,5/1/2016 18:10,Business,Tanglewood,Parkway,3.2,Meeting,,
5/1/2016 22:38,5/1/2016 22:49,Business,Parkway,Whitebridge,3.2,Errand/Supplies,,
5/2/2016 14:14,5/2/2016 14:21,Business,Whitebridge,Westpark Place,3.2,Errand/Supplies,,
5/2/2016 15:37,5/2/2016 15:48,Business,Westpark Place,Whitebridge,3.2,Meal/Entertain,,
5/3/2016 22:20,5/3/2016 22:28,Business,Morrisville,Cary,3.2,Meal/Entertain,,
5/4/2016 15:16,5/4/2016 15:37,Business,Cary,Morrisville,3.2,Meal/Entertain,,
5/4/2016 20:55,5/4/2016 21:14,Business,Mcvan,Capitol One,3.2,Errand/Supplies,,
5/4/2016 21:30,5/4/2016 21:36,Business,Capitol One,University District,3.2,Meal/Entertain,,
5/4/2016 22:19,5/4/2016 22:27,Business,University District,Capitol One,3.3,Meal/Entertain,,
5/5/2016 21:24,5/5/2016 21:36,Business,Seattle,Redmond,3.3,Meal/Entertain,,
5/5/2016 22:34,5/5/2016 22:40,Business,Redmond,Bellevue,3.3,Errand/Supplies,,
5/5/2016 23:55,5/6/2016 0:08,Business,Bellevue,Seattle,3.3,Meeting,,
5/6/2016 5:47,5/6/2016 6:02,Business,Capitol One,Mcvan,3.3,Meeting,,
5/6/2016 16:45,5/6/2016 16:59,Business,Chapel Hill,Morrisville,3.3,Meeting,,
5/6/2016 17:18,5/6/2016 17:44,Business,Morrisville,Cary,3.3,Customer Visit,,
5/9/2016 6:08,5/9/2016 6:25,Business,Cary,Morrisville,3.3,Customer Visit,,
5/9/2016 14:39,5/9/2016 15:06,Business,San Francisco,Palo Alto,3.3,Between Offices,,
5/9/2016 17:58,5/9/2016 18:26,Business,Palo Alto,Sunnyvale,3.3,Customer Visit,,
5/9/2016 19:35,5/9/2016 19:59,Business,Sunnyvale,Newark,3.3,Customer Visit,,
5/10/2016 9:03,5/10/2016 9:20,Business,Newark,Menlo Park,3.3,Customer Visit,,
5/10/2016 17:19,5/10/2016 17:31,Business,Menlo Park,Newark,3.3,Customer Visit,,
5/11/2016 8:35,5/11/2016 9:12,Business,Newark,San Francisco,3.3,Meeting,,
5/11/2016 21:47,5/11/2016 22:04,Business,Morrisville,Cary,3.3,Meeting,,
5/14/2016 18:35,5/14/2016 18:39,Business,Cary,Morrisville,3.3,Meal/Entertain,,
5/14/2016 23:01,5/14/2016 23:05,Business,Morrisville,Cary,3.4,Meal/Entertain,,
5/17/2016 13:15,5/17/2016 13:23,Business,Whitebridge,Preston,3.4,Errand/Supplies,,
5/17/2016 13:56,5/17/2016 14:08,Business,Preston,Westpark Place,3.4,Errand/Supplies,,
5/17/2016 14:34,5/17/2016 14:40,Business,Westpark Place,Whitebridge,3.4,Errand/Supplies,,
5/18/2016 9:11,5/18/2016 9:41,Business,Cary,Morrisville,3.4,Customer Visit,,
5/18/2016 13:00,5/18/2016 13:02,Business,Morrisville,Raleigh,3.4,Customer Visit,,
5/19/2016 14:37,5/19/2016 15:01,Business,Old City,Parkway Museums,3.4,Meal/Entertain,,
5/20/2016 10:56,5/20/2016 11:07,Business,Old City,Hog Island,3.5,Meeting,,
5/20/2016 15:43,5/20/2016 16:12,Business,Morrisville,Cary,3.5,Meal/Entertain,,
5/22/2016 15:39,5/22/2016 15:46,Business,Cary,Morrisville,3.5,Meal/Entertain,,
5/22/2016 18:46,5/22/2016 18:53,Business,Morrisville,Cary,3.5,Meal/Entertain,,
5/23/2016 20:19,5/23/2016 20:27,Business,Whitebridge,Savon Height,3.5,Meal/Entertain,,
5/23/2016 21:09,5/23/2016 21:21,Business,Savon Height,Whitebridge,3.6,Errand/Supplies,,
5/27/2016 20:26,5/27/2016 20:30,Business,Whitebridge,Kildaire Farms,3.6,Errand/Supplies,,
5/27/2016 20:47,5/27/2016 20:53,Business,Savon Height,Kilarney Woods,3.6,,,
5/27/2016 22:11,5/27/2016 22:14,Business,Kilarney Woods,Kildaire Farms,3.6,Errand/Supplies,,
5/28/2016 0:15,5/28/2016 0:21,Business,Kilarney Woods,Whitebridge,3.6,Errand/Supplies,,
5/28/2016 12:52,5/28/2016 13:06,Business,Cary,Morrisville,3.6,Meal/Entertain,,
5/28/2016 14:35,5/28/2016 15:04,Business,Morrisville,Cary,3.6,Customer Visit,,
5/31/2016 13:54,5/31/2016 14:41,Business,Cary,Raleigh,3.6,Meeting,,
5/31/2016 16:02,5/31/2016 16:39,Business,Raleigh,Cary,3.6,Meeting,,
5/31/2016 17:50,5/31/2016 17:59,Business,Westpark Place,Whitebridge,3.6,,,
6/1/2016 10:19,6/1/2016 10:47,Business,Cary,Morrisville,3.7,Customer Visit,,
6/1/2016 13:10,6/1/2016 13:39,Business,Morrisville,Cary,3.7,Meeting,,
6/3/2016 11:29,6/3/2016 11:49,Business,Cary,Durham,3.7,Meeting,,
6/3/2016 13:08,6/3/2016 13:38,Business,Durham,Cary,3.7,Meeting,,
6/3/2016 15:31,6/3/2016 15:54,Business,Cary,Morrisville,3.8,Meal/Entertain,,
6/3/2016 18:14,6/3/2016 18:29,Business,Townes at Everett Crossing,Chessington,3.8,Errand/Supplies,,
6/3/2016 18:41,6/3/2016 18:53,Business,Morrisville,Cary,3.8,Errand/Supplies,,
6/3/2016 19:36,6/3/2016 19:42,Business,Huntington Woods,Weston,3.8,Errand/Supplies,,
6/3/2016 22:47,6/3/2016 23:06,Business,Morrisville,Cary,3.8,Between Offices,,
6/5/2016 14:03,6/5/2016 14:33,Business,Whitebridge,Savon Height,3.8,Customer Visit,,
6/5/2016 15:06,6/5/2016 15:22,Business,Cary,Morrisville,3.8,Customer Visit,,
6/5/2016 15:57,6/5/2016 16:08,Business,Weston,Weston,3.8,Meal/Entertain,,
6/5/2016 18:05,6/5/2016 18:14,Business,Morrisville,Cary,3.8,Meal/Entertain,,
6/5/2016 21:53,6/5/2016 22:05,Business,Cary,Durham,3.8,Meeting,,
6/5/2016 23:52,6/6/2016 0:08,Business,Durham,Cary,3.8,Meeting,,
6/6/2016 15:36,6/6/2016 15:45,Business,Whitebridge,Hazelwood,3.8,Errand/Supplies,,
6/6/2016 16:16,6/6/2016 16:24,Business,Hazelwood,Whitebridge,3.8,Errand/Supplies,,
6/6/2016 20:06,6/6/2016 20:20,Business,Cary,Apex,3.8,Meal/Entertain,,
6/6/2016 21:08,6/6/2016 21:37,Business,Apex,Cary,3.8,Meal/Entertain,,
6/6/2016 21:41,6/6/2016 22:00,Business,Cary,Durham,3.9,Meeting,,
6/6/2016 23:34,6/6/2016 23:48,Business,Durham,Cary,3.9,Meeting,,
6/7/2016 21:42,6/7/2016 22:00,Business,Cary,Durham,3.9,Meeting,,
6/7/2016 23:41,6/8/2016 0:04,Business,Durham,Cary,3.9,Meeting,,
6/8/2016 8:23,6/8/2016 8:53,Business,Cary,Morrisville,3.9,Meal/Entertain,,
6/8/2016 12:04,6/8/2016 13:01,Business,Jamaica,New York,3.9,Errand/Supplies,,
6/8/2016 13:12,6/8/2016 13:29,Business,Seaport,Gramercy-Flatiron,3.9,Meal/Entertain,,
6/8/2016 14:31,6/8/2016 14:37,Business,Medical Centre,Tudor City,3.9,Errand/Supplies,,
6/8/2016 16:55,6/8/2016 17:11,Business,Rose Hill,Soho,3.9,Meal/Entertain,,
6/8/2016 17:16,6/8/2016 17:18,Business,Soho,Tribeca,3.9,Errand/Supplies,,
6/8/2016 17:59,6/8/2016 18:05,Business,Tribeca,Financial District,4.0,Errand/Supplies,,
6/8/2016 20:11,6/8/2016 20:25,Business,Financial District,Kips Bay,4.0,Errand/Supplies,,
6/10/2016 15:19,6/10/2016 16:28,Business,New York,Jamaica,4.0,Meeting,,
6/10/2016 21:47,6/10/2016 22:04,Business,Cary,Durham,4.0,Meeting,,
6/10/2016 23:53,6/11/2016 0:01,Business,Durham,Cary,4.0,Meeting,,
6/11/2016 17:08,6/11/2016 17:16,Business,Cary,Morrisville,4.0,Errand/Supplies,,
6/11/2016 17:34,6/11/2016 17:39,Business,Morrisville,Cary,4.0,Meal/Entertain,,
6/11/2016 17:50,6/11/2016 17:56,Business,Westpark Place,Whitebridge,4.0,,,
6/11/2016 21:45,6/11/2016 22:04,Business,Cary,Durham,4.1,Meeting,,
6/11/2016 23:39,6/12/2016 0:05,Business,Durham,Cary,4.1,Meeting,,
6/12/2016 19:53,6/12/2016 19:56,Business,Cary,Morrisville,4.1,Meal/Entertain,,
6/12/2016 20:05,6/12/2016 20:16,Business,Morrisville,Cary,4.1,Errand/Supplies,,
6/12/2016 21:58,6/12/2016 22:19,Business,Parkway,Whitebridge,4.1,Errand/Supplies,,
6/13/2016 5:23,6/13/2016 5:42,Business,Cary,Morrisville,4.1,Meal/Entertain,,
6/13/2016 14:17,6/13/2016 14:46,Business,Oakland,Emeryville,4.1,Meeting,,
6/13/2016 18:08,6/13/2016 18:47,Business,Emeryville,Berkeley,4.1,Meal/Entertain,,
6/13/2016 18:54,6/13/2016 19:23,Business,Berkeley,Oakland,4.1,Meal/Entertain,,
6/13/2016 20:00,6/13/2016 20:05,Business,Oakland,Unknown Location,4.2,Customer Visit,,
6/14/2016 12:03,6/14/2016 12:21,Business,Emeryville,San Francisco,4.2,,,
6/14/2016 16:09,6/14/2016 16:39,Business,San Francisco,Emeryville,4.2,Meeting,,
6/14/2016 17:15,6/14/2016 17:24,Business,Emeryville,Oakland,4.2,Meeting,,
6/14/2016 17:27,6/14/2016 17:57,Business,Downtown,Bay Farm Island,4.2,Errand/Supplies,,
6/15/2016 1:46,6/15/2016 2:06,Business,Kenner,New Orleans,4.2,Between Offices,,
6/15/2016 15:26,6/15/2016 15:34,Business,CBD,Lower Garden District,4.3,Between Offices,,
6/15/2016 16:37,6/15/2016 17:02,Business,Lower Garden District,Lakeview,4.3,Customer Visit,,
6/15/2016 17:29,6/15/2016 17:49,Personal,Lakeview,Storyville,4.3,,,
6/15/2016 19:52,6/15/2016 19:58,Business,Storyville,Faubourg Marigny,4.3,Meal/Entertain,,
6/16/2016 13:36,6/16/2016 14:30,Business,New Orleans,Metairie,4.3,,,
6/16/2016 14:42,6/16/2016 14:46,Business,Metairie,Kenner,4.3,,,
6/16/2016 15:17,6/16/2016 15:41,Business,Kenner,New Orleans,4.4,,,
6/16/2016 19:39,6/16/2016 19:56,Business,New Orleans,Kenner,4.4,,,
6/16/2016 21:43,6/16/2016 21:56,Business,Kenner,New Orleans,4.4,,,
6/17/2016 16:11,6/17/2016 16:44,Business,New Orleans,Kenner,4.4,,,
6/18/2016 0:29,6/18/2016 0:51,Business,Morrisville,Cary,4.4,,,
6/19/2016 2:39,6/19/2016 2:50,Business,Cary,Raleigh,4.4,,,
6/19/2016 5:51,6/19/2016 6:00,Business,Raleigh,Cary,4.4,,,
6/21/2016 15:39,6/21/2016 16:08,Business,Cary,Raleigh,4.4,,,
6/21/2016 17:11,6/21/2016 18:02,Business,Raleigh,Cary,4.5,Meal/Entertain,,
6/24/2016 10:41,6/24/2016 10:57,Business,Whitebridge,Waverly Place,4.5,Meal/Entertain,,
6/24/2016 11:54,6/24/2016 12:01,Business,Waverly Place,Macgregor Downs,4.5,Meal/Entertain,,
6/24/2016 12:19,6/24/2016 12:37,Business,Cary,Raleigh,4.5,Errand/Supplies,,
6/24/2016 12:50,6/24/2016 13:12,Business,Raleigh,Morrisville,4.5,Errand/Supplies,,
6/24/2016 13:18,6/24/2016 13:27,Business,Morrisville,Cary,4.6,Errand/Supplies,,
6/24/2016 14:01,6/24/2016 14:20,Business,Cary,Morrisville,4.6,Temporary Site,,
6/24/2016 20:44,6/24/2016 21:02,Business,Kenner,New Orleans,4.6,,,
6/25/2016 9:03,6/25/2016 9:12,Business,CBD,Bywater,4.6,,,
6/25/2016 9:15,6/25/2016 10:08,Business,New Orleans,Chalmette,4.6,Between Offices,,
6/25/2016 10:18,6/25/2016 10:25,Business,Chalmette,Arabi,4.6,Errand/Supplies,,
6/25/2016 10:50,6/25/2016 11:18,Business,Arabi,Metairie,4.6,Meal/Entertain,,
6/25/2016 11:25,6/25/2016 11:34,Business,Pontchartrain Shores,Pontchartrain Shores,4.7,Meeting,,
6/25/2016 11:53,6/25/2016 13:21,Business,Metairie,New Orleans,4.7,Meeting,,
6/25/2016 19:47,6/25/2016 19:58,Business,Storyville,Marigny,4.7,,,
6/25/2016 23:19,6/25/2016 23:26,Business,Marigny,Storyville,4.7,,,
6/26/2016 17:43,6/26/2016 18:18,Business,New Orleans,Kenner,4.7,Meeting,,
6/26/2016 18:45,6/26/2016 19:12,Business,Pontchartrain Shores,Pontchartrain Shores,4.7,,,
6/26/2016 19:41,6/26/2016 19:50,Business,Kenner,Kenner,4.8,,,
6/26/2016 21:14,6/26/2016 21:42,Business,Kenner,New Orleans,4.8,,,
6/27/2016 7:37,6/27/2016 8:48,Business,New Orleans,Covington,4.8,,,
6/27/2016 8:51,6/27/2016 9:00,Business,Covington,Covington,4.8,,,
6/27/2016 9:05,6/27/2016 9:33,Business,Covington,Covington,4.8,,,
6/27/2016 9:43,6/27/2016 10:08,Business,Covington,Covington,4.8,,,
6/27/2016 10:22,6/27/2016 10:39,Business,Covington,Covington,4.8,,,
6/27/2016 10:51,6/27/2016 10:58,Business,Covington,Covington,4.8,,,
6/27/2016 11:06,6/27/2016 11:24,Business,Covington,Mandeville,4.8,,,
6/27/2016 11:30,6/27/2016 11:42,Business,Mandeville,Mandeville,4.9,,,
6/27/2016 12:22,6/27/2016 13:02,Business,Mandeville,Metairie,4.9,,,
6/27/2016 13:56,6/27/2016 14:05,Business,Metairie,Kenner,4.9,,,
6/27/2016 21:09,6/27/2016 21:19,Business,Jamestown Court,Jamestown Court,4.9,,,
6/28/2016 0:48,6/28/2016 1:05,Business,Morrisville,Cary,4.9,Customer Visit,,
6/28/2016 20:13,6/28/2016 20:33,Business,Cary,Durham,4.9,Meeting,,
6/28/2016 23:34,6/28/2016 23:59,Business,Durham,Cary,4.9,Meeting,,
6/28/2016 23:34,6/28/2016 23:59,Business,Durham,Cary,4.9,Meeting,,
6/29/2016 8:56,6/29/2016 9:24,Business,Cary,Morrisville,4.9,,,
6/29/2016 10:22,6/29/2016 10:38,Business,Morrisville,Cary,4.9,,,
6/29/2016 11:49,6/29/2016 11:51,Business,Whitebridge,Westpark Place,4.9,,,
6/29/2016 12:11,6/29/2016 12:16,Business,Westpark Place,Whitebridge,5.0,,,
6/29/2016 20:11,6/29/2016 20:29,Business,Cary,Durham,5.0,Meeting,,
6/29/2016 23:38,6/30/2016 0:00,Business,Durham,Cary,5.0,Meeting,,
6/30/2016 20:09,6/30/2016 20:26,Business,Cary,Durham,5.0,Meeting,,
7/1/2016 0:00,7/1/2016 0:25,Business,Durham,Cary,5.0,Meeting,,
7/1/2016 9:34,7/1/2016 9:57,Business,Cary,Raleigh,5.0,Meeting,,
7/1/2016 12:36,7/1/2016 13:00,Business,Raleigh,Cary,5.1,Meeting,,
7/1/2016 20:06,7/1/2016 20:24,Business,Cary,Durham,5.1,Meeting,,
7/1/2016 23:48,7/2/2016 0:09,Business,Durham,Cary,5.1,Meeting,,
7/2/2016 20:18,7/2/2016 20:36,Business,Cary,Durham,5.1,Meeting,,
7/2/2016 23:48,7/3/2016 0:12,Business,Durham,Cary,5.1,Meeting,,
7/3/2016 0:28,7/3/2016 0:38,Business,Cary,Morrisville,5.1,Errand/Supplies,,
7/3/2016 3:02,7/3/2016 3:08,Business,Morrisville,Cary,5.1,Errand/Supplies,,
7/3/2016 20:00,7/3/2016 20:18,Business,Cary,Durham,5.1,Meeting,,
7/4/2016 0:32,7/4/2016 0:47,Business,Durham,Cary,5.1,Meeting,,
7/4/2016 17:31,7/4/2016 17:49,Business,Whitebridge,Summerwinds,5.1,Meeting,,
7/4/2016 18:23,7/4/2016 18:49,Business,Summerwinds,Whitebridge,5.1,Temporary Site,,
7/4/2016 20:00,7/4/2016 20:17,Business,Cary,Durham,5.2,Meeting,,
7/5/2016 0:00,7/5/2016 0:05,Business,Parkwood,Parkwood,5.2,Errand/Supplies,,
7/5/2016 0:08,7/5/2016 0:28,Business,Durham,Cary,5.2,Meeting,,
7/5/2016 16:48,7/5/2016 16:52,Business,Whitebridge,Whitebridge,5.2,Errand/Supplies,,
7/5/2016 20:06,7/5/2016 20:26,Business,Cary,Durham,5.2,,,
7/5/2016 22:41,7/5/2016 23:02,Business,Durham,Morrisville,5.2,,,
7/6/2016 0:33,7/6/2016 0:53,Business,Morrisville,Cary,5.2,Meal/Entertain,,
7/6/2016 9:06,7/6/2016 9:25,Business,Cary,Durham,5.2,Meeting,,
7/6/2016 12:48,7/6/2016 13:08,Business,Durham,Cary,5.3,,,
7/6/2016 20:04,7/6/2016 20:14,Business,Cary,Morrisville,5.3,Meal/Entertain,,
7/6/2016 23:46,7/6/2016 23:59,Business,Morrisville,Cary,5.3,Customer Visit,,
7/7/2016 8:22,7/7/2016 8:50,Business,Cary,Morrisville,5.3,Temporary Site,,
7/7/2016 10:27,7/7/2016 10:33,Business,Morrisville,Cary,5.3,,,
7/7/2016 12:59,7/7/2016 13:35,Business,Kenner,New Orleans,5.3,,,
7/8/2016 9:50,7/8/2016 10:13,Business,CBD,Pontchartrain Beach,5.3,,,
7/8/2016 10:51,7/8/2016 11:12,Business,Pontchartrain Beach,CBD,5.3,,,
7/8/2016 13:48,7/8/2016 14:11,Business,New Orleans,Metairie,5.3,,,
7/8/2016 17:11,7/8/2016 17:30,Business,Kenner,New Orleans,5.3,,,
7/9/2016 9:03,7/9/2016 9:46,Business,New Orleans,Kenner,5.4,,,
7/9/2016 9:52,7/9/2016 10:06,Business,Kenner,Metairie,5.4,,,
7/9/2016 10:15,7/9/2016 10:33,Business,Metairie,New Orleans,5.4,,,
7/10/2016 14:10,7/10/2016 14:17,Business,CBD,St Thomas,5.5,,,
7/10/2016 16:04,7/10/2016 16:15,Business,St Thomas,CBD,5.5,,,
7/10/2016 18:05,7/10/2016 18:21,Business,New Orleans,Kenner,5.5,,,
7/10/2016 19:51,7/10/2016 20:08,Business,Kenner,New Orleans,5.5,,,
7/12/2016 16:10,7/12/2016 16:45,Business,New Orleans,Kenner,5.5,,,
7/12/2016 19:21,7/12/2016 19:26,Personal,Kenner,Kenner,5.5,,,
7/12/2016 23:47,7/13/2016 0:11,Personal,Morrisville,Cary,5.5,,,
7/13/2016 12:39,7/13/2016 13:20,Personal,Cary,Morrisville,5.5,,,
7/13/2016 13:25,7/13/2016 13:39,Personal,Morrisville,Morrisville,5.5,,,
7/13/2016 13:42,7/13/2016 13:54,Personal,Morrisville,Cary,5.5,,,
7/14/2016 15:51,7/14/2016 15:59,Personal,Cary,Morrisville,5.5,,,
7/14/2016 16:03,7/14/2016 16:34,Business,Morrisville,Morrisville,5.5,Errand/Supplies,,
7/14/2016 16:39,7/14/2016 20:05,Business,Morrisville,Banner Elk,5.5,,,
7/15/2016 11:32,7/15/2016 11:53,Personal,Banner Elk,Banner Elk,5.5,,,
7/15/2016 12:09,7/15/2016 12:19,Personal,Banner Elk,Banner Elk,5.6,,,
7/15/2016 12:35,7/15/2016 13:15,Personal,Banner Elk,Elk Park,5.6,,,
7/15/2016 15:03,7/15/2016 15:33,Personal,Elk Park,Banner Elk,5.6,,,
7/15/2016 15:40,7/15/2016 15:52,Personal,Banner Elk,Banner Elk,5.6,,,
7/16/2016 13:14,7/16/2016 14:10,Personal,Banner Elk,Newland,5.7,,,
7/16/2016 14:14,7/16/2016 14:30,Personal,Newland,Newland,5.7,,,
7/16/2016 15:29,7/16/2016 16:57,Personal,Newland,Boone,5.7,,,
7/16/2016 19:42,7/16/2016 20:35,Personal,Boone,Banner Elk,5.7,,,
7/16/2016 21:45,7/16/2016 22:18,Personal,Banner Elk,Banner Elk,5.7,,,
7/16/2016 22:50,7/16/2016 23:03,Business,Banner Elk,Banner Elk,5.7,Errand/Supplies,,
7/17/2016 11:23,7/17/2016 11:50,Personal,Banner Elk,Boone,5.7,Charity ($),,
7/17/2016 12:20,7/17/2016 15:25,Personal,Boone,Cary,5.7,Commute,,
7/18/2016 10:37,7/18/2016 10:49,Personal,Cary,Morrisville,5.7,Moving,,
7/18/2016 10:54,7/18/2016 11:15,Personal,Morrisville,Cary,5.7,Moving,,
7/18/2016 11:25,7/18/2016 11:36,Personal,Northwoods,Preston,5.7,Moving,,
7/18/2016 11:40,7/18/2016 11:56,Personal,Preston,Whitebridge,5.7,Moving,,
7/18/2016 17:12,7/18/2016 17:33,Business,Cary,Apex,5.8,Meeting,,
7/18/2016 18:32,7/18/2016 18:47,Business,Apex,Cary,5.8,Meal/Entertain,,
7/18/2016 19:07,7/18/2016 19:14,Business,Cary,Morrisville,5.8,Meal/Entertain,,
7/18/2016 20:28,7/18/2016 20:32,Business,Hazelwood,Weston,5.8,Errand/Supplies,,
7/18/2016 21:11,7/18/2016 21:19,Business,Morrisville,Cary,5.9,Meal/Entertain,,
7/19/2016 10:35,7/19/2016 10:51,Business,Whitebridge,Stonewater,5.9,Customer Visit,,
7/19/2016 10:56,7/19/2016 11:11,Business,Stonewater,Lexington Park at Amberly,5.9,Meeting,,
7/19/2016 11:30,7/19/2016 12:00,Business,Lexington Park at Amberly,Whitebridge,5.9,Meal/Entertain,,
7/19/2016 17:14,7/19/2016 17:24,Business,Whitebridge,Chessington,5.9,Errand/Supplies,,
7/19/2016 17:50,7/19/2016 18:08,Personal,Chessington,Whitebridge,5.9,,,
7/20/2016 17:12,7/20/2016 17:24,Personal,Whitebridge,Edgehill Farms,5.9,,,
7/20/2016 17:50,7/20/2016 17:57,Personal,Edgehill Farms,Preston,5.9,,,
7/20/2016 18:16,7/20/2016 18:20,Personal,Preston,Whitebridge,6.0,,,
7/21/2016 17:17,7/21/2016 17:23,Business,Whitebridge,Edgehill Farms,6.0,,,
7/21/2016 17:42,7/21/2016 17:51,Business,Edgehill Farms,Burtrose,6.0,,,
7/21/2016 18:27,7/21/2016 18:42,Business,Cary,Morrisville,6.0,,,
7/21/2016 19:30,7/21/2016 19:39,Business,Morrisville,Cary,6.0,,,
7/22/2016 10:42,7/22/2016 10:53,Business,Cary,Morrisville,6.0,,,
7/22/2016 11:11,7/22/2016 11:25,Business,Morrisville,Cary,6.0,,,
7/22/2016 11:37,7/22/2016 12:00,Business,Hazelwood,Lexington Park at Amberly,6.0,,,
7/22/2016 12:14,7/22/2016 12:31,Business,Cary,Durham,6.0,,,
7/22/2016 13:21,7/22/2016 13:42,Business,Durham,Cary,6.0,Meeting,,
7/22/2016 14:27,7/22/2016 14:43,Business,Cary,Morrisville,6.0,Meal/Entertain,,
7/22/2016 15:49,7/22/2016 16:22,Business,Morrisville,Cary,6.1,,,
7/22/2016 18:33,7/22/2016 18:51,Business,Wayne Ridge,Whitebridge,6.1,,,
7/23/2016 14:27,7/23/2016 14:44,Business,Cary,Morrisville,6.1,,,
7/23/2016 14:48,7/23/2016 15:12,Business,Morrisville,Cary,6.1,,,
7/23/2016 15:15,7/23/2016 15:27,Business,Cary,Morrisville,6.1,,,
7/23/2016 15:50,7/23/2016 16:10,Business,Morrisville,Cary,6.1,,,
7/23/2016 20:17,7/23/2016 20:33,Business,Cary,Durham,6.1,Meeting,,
7/23/2016 23:18,7/23/2016 23:43,Business,Durham,Cary,6.1,Meeting,,
7/25/2016 10:35,7/25/2016 10:41,Business,Whitebridge,Parkway,6.1,,,
7/25/2016 10:47,7/25/2016 10:58,Business,Cary,Morrisville,6.1,,,
7/25/2016 11:04,7/25/2016 11:33,Business,Morrisville,Cary,6.1,,,
7/25/2016 11:37,7/25/2016 11:44,Business,Parkway,Whitebridge,6.1,,,
7/26/2016 15:43,7/26/2016 15:49,Business,Whitebridge,Westpark Place,6.1,,,
7/26/2016 17:14,7/26/2016 17:24,Business,Westpark Place,Whitebridge,6.1,,,
7/26/2016 20:52,7/26/2016 21:00,Business,Cary,Morrisville,6.1,Meal/Entertain,,
7/26/2016 22:31,7/26/2016 22:39,Business,Morrisville,Cary,6.2,Meal/Entertain,,
7/27/2016 19:08,7/27/2016 19:20,Business,Cary,Morrisville,6.2,,,
7/27/2016 21:34,7/27/2016 21:57,Business,Morrisville,Raleigh,6.2,,,
7/27/2016 22:00,7/27/2016 22:26,Business,Raleigh,Morrisville,6.2,,,
7/28/2016 0:04,7/28/2016 0:09,Business,Morrisville,Cary,6.2,,,
7/29/2016 15:45,7/29/2016 15:47,Business,Whitebridge,Westpark Place,6.2,,,
7/29/2016 17:27,7/29/2016 17:45,Business,Westpark Place,Whitebridge,6.2,Meal/Entertain,,
7/30/2016 17:02,7/30/2016 17:27,Business,Cary,Durham,6.2,,,
7/30/2016 21:16,7/30/2016 21:41,Business,Durham,Cary,6.2,,,
7/31/2016 17:30,7/31/2016 17:37,Business,Westpark Place,Whitebridge,6.2,,,
8/1/2016 12:47,8/1/2016 13:04,Business,Whitebridge,Arlington Park at Amberly,6.2,,,
8/1/2016 13:08,8/1/2016 13:19,Business,Arlington Park at Amberly,Lexington Park at Amberly,6.2,,,
8/1/2016 13:28,8/1/2016 13:46,Business,Lexington Park at Amberly,Westpark Place,6.3,,,
8/1/2016 13:52,8/1/2016 14:14,Business,Cary,Apex,6.3,,,
8/1/2016 15:40,8/1/2016 15:47,Business,Apex,Cary,6.3,,,
8/1/2016 16:18,8/1/2016 16:25,Business,Whitebridge,Edgehill Farms,6.3,,,
8/1/2016 16:29,8/1/2016 16:59,Business,Cary,Morrisville,6.3,,,
8/1/2016 17:23,8/1/2016 17:55,Business,Morrisville,Cary,6.3,,,
8/2/2016 8:11,8/2/2016 8:32,Business,Cary,Morrisville,6.4,Meeting,,
8/2/2016 11:51,8/2/2016 12:15,Business,Arlington,Washington,6.4,,,
8/2/2016 19:15,8/2/2016 19:23,Business,Kalorama Triangle,K Street,6.4,,,
8/2/2016 21:23,8/2/2016 21:29,Business,K Street,Kalorama Triangle,6.4,,,
8/3/2016 12:46,8/3/2016 13:00,Business,West End,Northwest Rectangle,6.4,,,
8/3/2016 14:59,8/3/2016 15:03,Business,K Street,Kalorama Triangle,6.4,,,
8/3/2016 16:00,8/3/2016 16:04,Business,Kalorama Triangle,Downtown,6.4,,,
8/5/2016 17:23,8/5/2016 17:30,Business,Connecticut Avenue,Kalorama Triangle,6.4,,,
8/5/2016 18:17,8/5/2016 18:21,Business,Kalorama Triangle,Columbia Heights,6.5,,,
8/5/2016 19:17,8/5/2016 19:27,Business,Columbia Heights,Kalorama Triangle,6.5,,,
8/6/2016 6:40,8/6/2016 6:58,Business,Washington,Arlington,6.5,,,
8/6/2016 9:31,8/6/2016 9:53,Business,Morrisville,Cary,6.5,,,
8/7/2016 17:14,8/7/2016 17:23,Business,Whitebridge,Edgehill Farms,6.5,,,
8/7/2016 17:28,8/7/2016 17:43,Business,Edgehill Farms,Whitebridge,6.6,Customer Visit,,
8/7/2016 18:17,8/7/2016 18:23,Business,Cary,Morrisville,6.6,,,
8/7/2016 20:15,8/7/2016 20:23,Business,Morrisville,Cary,6.6,Meal/Entertain,,
8/8/2016 16:17,8/8/2016 16:31,Business,Whitebridge,Farmington Woods,6.6,,,
8/8/2016 16:37,8/8/2016 16:50,Business,Farmington Woods,Edgehill Farms,6.6,,,
8/8/2016 17:02,8/8/2016 17:13,Business,Edgehill Farms,Whitebridge,6.6,Customer Visit,,
8/8/2016 21:50,8/8/2016 22:15,Business,Cary,Morrisville,6.7,,,
8/8/2016 23:28,8/8/2016 23:37,Business,Morrisville,Cary,6.7,Customer Visit,,
8/9/2016 14:20,8/9/2016 14:38,Business,Whitebridge,Waverly Place,6.7,,,
8/9/2016 15:15,8/9/2016 15:36,Business,Cary,Raleigh,6.7,,,
8/9/2016 16:04,8/9/2016 16:37,Business,Raleigh,Cary,6.8,,,
8/10/2016 16:56,8/10/2016 17:24,Business,Cary,Durham,6.8,,,
8/10/2016 17:53,8/10/2016 18:28,Business,Durham,Apex,6.9,,,
8/10/2016 18:49,8/10/2016 18:50,Business,Apex,Apex,6.9,,,
8/10/2016 19:47,8/10/2016 20:02,Business,Apex,Cary,6.9,,,
8/11/2016 12:53,8/11/2016 13:00,Business,Whitebridge,Heritage Pines,6.9,,,
8/11/2016 13:14,8/11/2016 13:28,Business,Heritage Pines,Edgehill Farms,7.0,,,
8/11/2016 13:32,8/11/2016 13:42,Business,Edgehill Farms,Whitebridge,7.0,,,
8/11/2016 18:37,8/11/2016 19:29,Business,Cary,Wake Forest,7.0,,,
8/11/2016 20:59,8/11/2016 21:44,Business,Wake Forest,Cary,7.1,,,
8/12/2016 18:49,8/12/2016 18:52,Business,Whitebridge,Westpark Place,7.1,,,
8/12/2016 18:56,8/12/2016 19:05,Business,Westpark Place,Whitebridge,7.1,,,
8/13/2016 15:35,8/13/2016 15:58,Business,Cary,Morrisville,7.2,Meeting,,
8/15/2016 9:05,8/15/2016 9:52,Business,R?walpindi,Unknown Location,7.2,,,
8/15/2016 15:20,8/15/2016 15:47,Business,Unknown Location,Unknown Location,7.2,,,
8/15/2016 16:52,8/15/2016 17:30,Business,Unknown Location,Unknown Location,7.2,,,
8/15/2016 19:08,8/15/2016 20:30,Business,Unknown Location,Unknown Location,7.2,Temporary Site,,
8/16/2016 7:58,8/16/2016 8:11,Business,Unknown Location,Unknown Location,7.2,,,
8/16/2016 8:16,8/16/2016 8:23,Business,Unknown Location,Unknown Location,7.2,,,
8/16/2016 8:46,8/16/2016 8:53,Business,Unknown Location,Unknown Location,7.2,,,
8/16/2016 10:06,8/16/2016 10:27,Business,Unknown Location,Islamabad,7.3,,,
8/16/2016 10:31,8/16/2016 10:38,Business,Islamabad,Islamabad,7.3,,,
8/16/2016 11:47,8/16/2016 12:03,Business,Islamabad,Unknown Location,7.3,Temporary Site,,
8/16/2016 15:13,8/16/2016 15:36,Business,Unknown Location,Unknown Location,7.3,,,
8/17/2016 10:17,8/17/2016 10:41,Business,Unknown Location,Unknown Location,7.3,,,
8/17/2016 10:57,8/17/2016 11:20,Business,Unknown Location,Unknown Location,7.3,,,
8/17/2016 14:45,8/17/2016 14:50,Business,Unknown Location,R?walpindi,7.4,,,
8/17/2016 15:32,8/17/2016 15:47,Business,R?walpindi,Islamabad,7.4,,,
8/17/2016 16:29,8/17/2016 16:50,Business,Islamabad,Unknown Location,7.5,,,
8/17/2016 16:54,8/17/2016 17:00,Business,Unknown Location,Unknown Location,7.5,,,
8/17/2016 17:05,8/17/2016 17:34,Business,Unknown Location,Unknown Location,7.5,,,
8/17/2016 18:38,8/17/2016 18:57,Business,Unknown Location,Unknown Location,7.5,Temporary Site,,
8/18/2016 18:40,8/18/2016 19:07,Business,Unknown Location,Unknown Location,7.5,Temporary Site,,
8/19/2016 8:24,8/19/2016 8:45,Business,Unknown Location,Noorpur Shahan,7.6,,,
8/19/2016 8:54,8/19/2016 9:07,Business,Noorpur Shahan,Islamabad,7.6,,,
8/19/2016 9:27,8/19/2016 9:47,Business,Islamabad,R?walpindi,7.6,,,
8/19/2016 10:57,8/19/2016 11:06,Business,R?walpindi,Unknown Location,7.6,,,
8/19/2016 12:07,8/19/2016 12:24,Business,Unknown Location,Islamabad,7.6,,,
8/19/2016 15:51,8/19/2016 16:06,Business,Islamabad,Islamabad,7.6,,,
8/19/2016 17:12,8/19/2016 17:52,Business,Islamabad,Unknown Location,7.6,,,
8/21/2016 10:00,8/21/2016 10:29,Business,Unknown Location,Unknown Location,7.6,Airport/Travel,,
8/21/2016 14:05,8/21/2016 14:34,Business,Unknown Location,Unknown Location,7.6,,,
8/21/2016 16:30,8/21/2016 17:02,Business,Unknown Location,Islamabad,7.7,,,
8/21/2016 18:10,8/21/2016 18:17,Business,Islamabad,Islamabad,7.7,,,
8/21/2016 18:48,8/21/2016 19:24,Business,Islamabad,Unknown Location,7.7,,,
8/22/2016 10:00,8/22/2016 10:44,Business,Unknown Location,Islamabad,7.7,,,
8/22/2016 11:07,8/22/2016 11:23,Business,Islamabad,Unknown Location,7.7,,,
8/22/2016 12:36,8/22/2016 12:49,Business,Unknown Location,Islamabad,7.7,,,
8/22/2016 13:02,8/22/2016 13:11,Business,Islamabad,Islamabad,7.7,,,
8/22/2016 14:07,8/22/2016 14:31,Business,Islamabad,Unknown Location,7.7,,,
8/22/2016 15:14,8/22/2016 15:49,Business,Unknown Location,Unknown Location,7.7,,,
8/22/2016 15:59,8/22/2016 17:16,Business,Unknown Location,Unknown Location,7.7,,,
8/22/2016 19:58,8/22/2016 20:50,Business,Unknown Location,R?walpindi,7.7,,,
8/22/2016 20:53,8/22/2016 21:31,Business,R?walpindi,R?walpindi,7.8,,,
8/22/2016 22:31,8/22/2016 23:00,Business,R?walpindi,Unknown Location,7.8,,,
8/23/2016 8:10,8/23/2016 8:25,Business,Unknown Location,Noorpur Shahan,7.8,,,
8/23/2016 9:35,8/23/2016 10:09,Business,Noorpur Shahan,Unknown Location,7.8,,,
8/23/2016 12:59,8/23/2016 13:15,Business,Unknown Location,Noorpur Shahan,7.9,,,
8/23/2016 13:19,8/23/2016 13:30,Business,Noorpur Shahan,Islamabad,7.9,,,
8/23/2016 13:49,8/23/2016 14:04,Business,Islamabad,Unknown Location,7.9,,,
8/23/2016 15:07,8/23/2016 15:12,Business,Unknown Location,Unknown Location,7.9,,,
8/23/2016 15:15,8/23/2016 17:16,Business,Unknown Location,Unknown Location,7.9,,,
8/23/2016 17:42,8/23/2016 18:31,Business,Unknown Location,Unknown Location,7.9,,,
8/24/2016 12:05,8/24/2016 12:56,Business,Unknown Location,Unknown Location,7.9,,,
8/24/2016 13:01,8/24/2016 15:25,Business,Unknown Location,Unknown Location,7.9,,,
8/25/2016 15:17,8/25/2016 16:22,Business,Unknown Location,Unknown Location,7.9,,,
8/25/2016 16:36,8/25/2016 16:56,Business,Unknown Location,Unknown Location,7.9,,,
8/25/2016 17:19,8/25/2016 19:20,Business,Unknown Location,Unknown Location,7.9,,,
8/25/2016 19:25,8/25/2016 19:57,Business,Unknown Location,Lahore,7.9,,,
8/25/2016 22:58,8/25/2016 23:16,Business,Lahore,Unknown Location,7.9,,,
8/26/2016 9:06,8/26/2016 9:20,Business,Unknown Location,Unknown Location,8.0,,,
8/26/2016 11:14,8/26/2016 11:26,Business,Unknown Location,Unknown Location,8.0,,,
8/26/2016 12:10,8/26/2016 12:20,Business,Unknown Location,Lahore,8.0,,,
8/26/2016 14:10,8/26/2016 14:33,Business,Lahore,Lahore,8.0,,,
8/26/2016 15:23,8/26/2016 15:35,Business,Lahore,Lahore,8.0,,,
8/26/2016 15:59,8/26/2016 16:24,Business,Lahore,Unknown Location,8.0,,,
8/26/2016 16:55,8/26/2016 17:12,Business,Unknown Location,Lahore,8.0,,,
8/26/2016 18:42,8/26/2016 18:56,Business,Lahore,Lahore,8.0,,,
8/26/2016 19:31,8/26/2016 19:54,Business,Lahore,Lahore,8.0,,,
8/26/2016 20:06,8/26/2016 20:16,Business,Lahore,Unknown Location,8.1,,,
8/27/2016 9:34,8/27/2016 10:11,Business,Unknown Location,Lahore,8.1,,,
8/27/2016 11:47,8/27/2016 12:06,Business,Lahore,Lahore,8.1,,,
8/27/2016 12:12,8/27/2016 12:17,Business,Lahore,Lahore,8.1,,,
8/27/2016 14:01,8/27/2016 15:44,Business,Lahore,Unknown Location,8.1,,,
8/27/2016 16:15,8/27/2016 19:13,Business,Unknown Location,Unknown Location,8.1,,,
8/28/2016 9:57,8/28/2016 10:18,Business,Unknown Location,Noorpur Shahan,8.1,,,
8/28/2016 16:39,8/28/2016 16:55,Business,Noorpur Shahan,Islamabad,8.2,,,
8/28/2016 17:37,8/28/2016 17:55,Business,Islamabad,Islamabad,8.2,,,
8/28/2016 21:15,8/28/2016 21:59,Business,Islamabad,Unknown Location,8.2,,,
8/29/2016 12:02,8/29/2016 12:31,Business,Unknown Location,Islamabad,8.2,,,
8/29/2016 13:38,8/29/2016 13:48,Business,Islamabad,Islamabad,8.3,,,
8/29/2016 14:31,8/29/2016 14:41,Business,Islamabad,Islamabad,8.3,,,
8/29/2016 14:49,8/29/2016 15:04,Business,Islamabad,Unknown Location,8.3,Temporary Site,,
8/29/2016 15:49,8/29/2016 15:59,Business,Unknown Location,Islamabad,8.3,,,
8/29/2016 16:06,8/29/2016 16:21,Business,Islamabad,Unknown Location,8.3,,,
8/29/2016 17:24,8/29/2016 17:41,Business,Unknown Location,Islamabad,8.4,,,
8/29/2016 18:27,8/29/2016 18:36,Business,Islamabad,Islamabad,8.4,,,
8/30/2016 11:53,8/30/2016 12:05,Business,Unknown Location,Unknown Location,8.4,,,
8/30/2016 12:46,8/30/2016 13:09,Business,Unknown Location,Islamabad,8.4,,,
8/30/2016 13:25,8/30/2016 13:46,Business,Islamabad,Islamabad,8.4,,,
8/30/2016 14:00,8/30/2016 14:20,Business,Islamabad,Unknown Location,8.4,,,
8/30/2016 17:27,8/30/2016 18:09,Business,Unknown Location,Unknown Location,8.4,,,
9/1/2016 11:51,9/1/2016 12:24,Business,Unknown Location,Islamabad,8.4,,,
9/1/2016 17:21,9/1/2016 17:36,Business,Islamabad,Unknown Location,8.4,,,
9/1/2016 18:49,9/1/2016 19:08,Business,Unknown Location,Unknown Location,8.4,,,
9/2/2016 11:37,9/2/2016 12:24,Business,Unknown Location,Islamabad,8.5,,,
9/2/2016 18:56,9/2/2016 19:37,Business,Unknown Location,Unknown Location,8.5,,,
9/5/2016 10:25,9/5/2016 10:44,Business,Unknown Location,R?walpindi,8.5,,,
9/6/2016 17:49,9/6/2016 17:49,Business,Unknown Location,Unknown Location,8.5,,,
9/10/2016 10:28,9/10/2016 10:45,Business,Unknown Location,Unknown Location,8.5,,,
9/11/2016 9:51,9/11/2016 9:55,Business,Unknown Location,Unknown Location,8.6,,,
9/11/2016 21:40,9/11/2016 21:42,Business,Unknown Location,Unknown Location,8.6,,,
9/12/2016 8:07,9/12/2016 8:12,Business,Unknown Location,Unknown Location,8.6,,,
9/12/2016 11:15,9/12/2016 11:24,Business,Unknown Location,Unknown Location,8.6,,,
9/12/2016 13:04,9/12/2016 13:44,Business,Unknown Location,Unknown Location,8.7,,,
9/13/2016 16:56,9/13/2016 17:02,Business,Unknown Location,Unknown Location,8.7,,,
9/14/2016 11:55,9/14/2016 11:59,Business,Unknown Location,Unknown Location,8.7,,,
9/15/2016 20:33,9/15/2016 20:38,Business,Unknown Location,Unknown Location,8.7,,,
9/16/2016 7:08,9/16/2016 7:08,Business,Unknown Location,Unknown Location,8.7,,,
9/18/2016 18:07,9/18/2016 18:11,Business,Unknown Location,Unknown Location,8.7,,,
9/19/2016 6:18,9/19/2016 6:49,Business,R?walpindi,Unknown Location,8.7,,,
9/19/2016 14:40,9/19/2016 14:56,Business,Unknown Location,Islamabad,8.7,,,
9/19/2016 16:23,9/19/2016 16:31,Business,Islamabad,Unknown Location,8.7,,,
9/19/2016 17:36,9/19/2016 18:20,Business,Unknown Location,Unknown Location,8.7,,,
9/19/2016 19:10,9/19/2016 19:49,Business,Unknown Location,Islamabad,8.8,,,
9/20/2016 11:29,9/20/2016 11:48,Business,Islamabad,Unknown Location,8.8,,,
9/20/2016 20:47,9/20/2016 22:47,Business,Unknown Location,R?walpindi,8.8,,,
9/23/2016 13:15,9/23/2016 13:40,Business,Karachi,Karachi,8.8,,,
9/24/2016 14:34,9/24/2016 15:15,Business,Karachi,Unknown Location,8.8,,,
9/24/2016 20:29,9/24/2016 20:33,Business,Unknown Location,Unknown Location,8.8,,,
9/27/2016 8:33,9/27/2016 8:35,Business,Unknown Location,Unknown Location,8.9,,,
9/27/2016 13:21,9/27/2016 14:43,Business,Lahore,Lahore,8.9,,,
9/27/2016 19:14,9/27/2016 20:34,Business,Lahore,Unknown Location,8.9,,,
9/27/2016 21:01,9/28/2016 2:37,Business,Unknown Location,Unknown Location,9.0,,,
9/28/2016 17:21,9/28/2016 19:36,Business,Islamabad,Unknown Location,9.0,,,
9/29/2016 16:13,9/29/2016 18:47,Business,Unknown Location,Islamabad,9.0,,,
9/30/2016 17:39,9/30/2016 20:20,Business,Islamabad,Islamabad,9.0,,,
9/30/2016 20:59,9/30/2016 22:34,Business,Islamabad,Unknown Location,9.1,,,
10/3/2016 17:09,10/3/2016 17:12,Business,Unknown Location,Islamabad,9.1,,,
10/3/2016 18:17,10/3/2016 18:34,Business,Islamabad,Islamabad,9.2,,,
10/3/2016 18:51,10/3/2016 19:01,Business,Islamabad,Islamabad,9.2,,,
10/3/2016 22:04,10/3/2016 22:33,Business,Islamabad,Unknown Location,9.2,,,
10/4/2016 9:50,10/4/2016 10:52,Business,Unknown Location,Unknown Location,9.2,,,
10/4/2016 12:17,10/4/2016 12:18,Business,Unknown Location,Unknown Location,9.3,,,
10/6/2016 8:49,10/6/2016 11:36,Business,Unknown Location,R?walpindi,9.3,,,
10/6/2016 17:23,10/6/2016 17:40,Business,R?walpindi,Unknown Location,9.4,,,
10/6/2016 18:37,10/6/2016 18:39,Business,Unknown Location,Unknown Location,9.4,,,
10/6/2016 19:46,10/6/2016 20:26,Business,Unknown Location,Unknown Location,9.4,,,
10/7/2016 10:56,10/7/2016 10:59,Business,Unknown Location,Lahore,9.5,,,
10/7/2016 11:27,10/7/2016 11:50,Business,Lahore,Lahore,9.5,,,
10/7/2016 13:52,10/7/2016 14:08,Business,Lahore,Unknown Location,9.5,,,
10/7/2016 14:29,10/7/2016 15:11,Business,Unknown Location,Lahore,9.6,,,
10/7/2016 15:47,10/7/2016 16:02,Business,Lahore,Lahore,9.6,,,
10/7/2016 18:08,10/7/2016 18:27,Business,Lahore,Lahore,9.6,,,
10/7/2016 18:33,10/7/2016 19:01,Business,Lahore,Lahore,9.6,,,
10/8/2016 15:03,10/8/2016 15:03,Business,Karachi,Karachi,9.6,,,
10/8/2016 18:15,10/8/2016 18:18,Business,Karachi,Unknown Location,9.6,,,
10/9/2016 14:04,10/9/2016 14:23,Business,Unknown Location,Unknown Location,9.7,Temporary Site,,
10/10/2016 17:22,10/10/2016 17:28,Business,Islamabad,Islamabad,9.7,,,
10/10/2016 17:33,10/10/2016 18:13,Business,Islamabad,Unknown Location,9.7,,,
10/11/2016 1:27,10/11/2016 2:08,Business,Unknown Location,R?walpindi,9.8,Meeting,,
10/12/2016 19:18,10/12/2016 19:21,Business,R?walpindi,Unknown Location,9.8,,,
10/13/2016 11:20,10/13/2016 11:58,Business,Unknown Location,Islamabad,9.8,,,
10/13/2016 12:08,10/13/2016 12:14,Business,Islamabad,Islamabad,9.8,,,
10/13/2016 13:02,10/13/2016 13:02,Business,Islamabad,Islamabad,9.8,,,
10/13/2016 13:37,10/13/2016 13:46,Business,Islamabad,Islamabad,9.8,,,
10/13/2016 16:08,10/13/2016 16:53,Business,Islamabad,Unknown Location,9.9,,,
10/14/2016 8:50,10/14/2016 9:44,Business,Unknown Location,R?walpindi,9.9,,,
10/14/2016 10:16,10/14/2016 10:52,Business,R?walpindi,Unknown Location,9.9,,,
10/14/2016 15:56,10/14/2016 16:20,Business,Unknown Location,Unknown Location,9.9,,,
10/14/2016 23:54,10/15/2016 2:06,Business,Unknown Location,R?walpindi,9.9,Meeting,,
10/15/2016 22:28,10/15/2016 22:48,Business,Morrisville,Morrisville,9.9,,,
10/16/2016 0:01,10/16/2016 0:14,Business,Morrisville,Cary,9.9,,,
10/16/2016 12:52,10/16/2016 13:11,Business,Cary,Durham,9.9,Meeting,,
10/16/2016 14:40,10/16/2016 15:01,Business,Durham,Morrisville,9.9,,,
10/16/2016 15:10,10/16/2016 15:19,Business,Morrisville,Cary,9.9,,,
10/16/2016 19:27,10/16/2016 19:33,Business,Whitebridge,Parkway,9.9,Meeting,,
10/16/2016 20:30,10/16/2016 20:39,Business,Cary,Morrisville,9.9,,,
10/16/2016 21:34,10/16/2016 21:41,Business,Morrisville,Cary,9.9,Meal/Entertain,,
10/17/2016 15:19,10/17/2016 15:57,Business,Cary,Raleigh,9.9,,,
10/17/2016 16:29,10/17/2016 17:11,Business,Raleigh,Cary,9.9,,,
10/17/2016 18:02,10/17/2016 18:16,Business,Cary,Apex,9.9,,,
10/17/2016 18:31,10/17/2016 18:45,Business,Apex,Apex,9.9,,,
10/17/2016 19:08,10/17/2016 19:25,Business,Apex,Cary,9.9,,,
10/18/2016 8:12,10/18/2016 8:22,Business,Whitebridge,Edgehill Farms,9.9,,,
10/18/2016 8:53,10/18/2016 9:02,Business,Edgehill Farms,Whitebridge,9.9,,,
10/18/2016 10:41,10/18/2016 11:09,Business,Cary,Morrisville,9.9,Temporary Site,,
10/18/2016 18:12,10/18/2016 18:33,Business,Oakland,Emeryville,9.9,,,
10/18/2016 19:03,10/18/2016 19:13,Business,Emeryville,Berkeley,9.9,,,
10/18/2016 20:31,10/18/2016 20:37,Business,Berkeley,Emeryville,9.9,,,
10/19/2016 9:33,10/19/2016 9:47,Business,Emeryville,Oakland,9.9,,,
10/19/2016 9:54,10/19/2016 10:21,Business,Oakland,San Francisco,9.9,,,
10/19/2016 13:45,10/19/2016 13:56,Business,SOMISSPO,French Quarter,9.9,,,
10/19/2016 14:02,10/19/2016 14:31,Business,San Francisco,Berkeley,9.9,,,
10/19/2016 15:44,10/19/2016 16:02,Business,West Berkeley,North Berkeley Hills,10.0,,,
10/19/2016 16:06,10/19/2016 16:19,Business,North Berkeley Hills,Southside,10.0,,,
10/19/2016 16:33,10/19/2016 17:01,Business,Berkeley,Emeryville,10.0,,,
10/20/2016 11:26,10/20/2016 11:34,Business,Emeryville,Berkeley,10.1,,,
10/20/2016 12:19,10/20/2016 13:17,Business,Berkeley,San Jose,10.1,,,
10/20/2016 20:44,10/20/2016 21:37,Business,San Jose,Emeryville,10.1,,,
10/21/2016 10:06,10/21/2016 10:21,Business,Emeryville,Oakland,10.2,,,
10/22/2016 0:54,10/22/2016 1:09,Business,Morrisville,Cary,10.2,,,
10/22/2016 13:26,10/22/2016 14:03,Business,Cary,Raleigh,10.3,,,
10/22/2016 17:08,10/22/2016 17:55,Business,Raleigh,Cary,10.3,,,
10/23/2016 9:24,10/23/2016 10:05,Business,Cary,Raleigh,10.3,,,
10/23/2016 12:17,10/23/2016 12:59,Business,Raleigh,Cary,10.3,,,
10/23/2016 19:04,10/23/2016 19:14,Business,Cary,Morrisville,10.3,Meal/Entertain,,
10/23/2016 21:10,10/23/2016 21:25,Business,Morrisville,Cary,10.4,Customer Visit,,
10/24/2016 14:57,10/24/2016 15:26,Business,Cary,Durham,10.4,,,
10/24/2016 15:33,10/24/2016 16:13,Business,Durham,Morrisville,10.4,,,
10/24/2016 16:34,10/24/2016 16:41,Business,Morrisville,Cary,10.4,,,
10/25/2016 13:27,10/25/2016 14:08,Business,Cary,Apex,10.4,,,
10/25/2016 15:04,10/25/2016 15:11,Business,Apex,Eagle Rock,10.4,,,
10/25/2016 15:16,10/25/2016 15:33,Business,Eagle Rock,Cary,10.4,,,
10/25/2016 20:00,10/25/2016 20:11,Business,Whitebridge,Savon Height,10.4,Meal/Entertain,,
10/25/2016 20:54,10/25/2016 21:03,Business,Savon Height,Parkway,10.4,,,
10/25/2016 22:24,10/25/2016 22:45,Business,Parkway,Whitebridge,10.4,Errand/Supplies,,
10/26/2016 19:25,10/26/2016 19:31,Business,Whitebridge,Parkway,10.4,Meeting,,
10/26/2016 20:53,10/26/2016 21:03,Business,Parkway,Whitebridge,10.4,,,
10/27/2016 18:51,10/27/2016 19:16,Business,Cary,Morrisville,10.4,Meeting,,
10/27/2016 19:20,10/27/2016 19:35,Business,Morrisville,Morrisville,10.4,,,
10/27/2016 19:52,10/27/2016 20:21,Business,Huntington Woods,Huntington Woods,10.4,,,
10/27/2016 20:47,10/27/2016 20:54,Business,Huntington Woods,Weston,10.4,,,
10/27/2016 21:26,10/27/2016 21:48,Business,Morrisville,Cary,10.4,,,
10/28/2016 11:34,10/28/2016 11:52,Business,Cary,Durham,10.4,Meeting,,
10/28/2016 13:06,10/28/2016 13:36,Business,Durham,Cary,10.4,Meeting,,
10/28/2016 15:53,10/28/2016 17:59,Business,Cary,Winston Salem,10.5,Meeting,,
10/28/2016 18:13,10/28/2016 20:07,Business,Winston Salem,Asheville,10.5,Meeting,,
10/28/2016 20:13,10/28/2016 22:00,Business,Asheville,Topton,10.5,Meeting,,
10/29/2016 15:22,10/29/2016 17:05,Business,Topton,Hayesville,10.5,Meeting,,
10/29/2016 17:13,10/29/2016 19:19,Business,Hayesville,Topton,10.5,,,
10/30/2016 7:49,10/30/2016 8:30,Business,Topton,Bryson City,10.5,,,
10/30/2016 9:07,10/30/2016 10:09,Business,Bryson City,Bryson City,10.5,,,
10/30/2016 10:11,10/30/2016 10:38,Business,Bryson City,Bryson City,10.6,,,
10/30/2016 10:51,10/30/2016 11:21,Business,Bryson City,Bryson City,10.6,,,
10/30/2016 12:24,10/30/2016 12:35,Business,Bryson City,Almond,10.6,,,
10/30/2016 12:58,10/30/2016 13:18,Business,Almond,Bryson City,10.7,,,
10/30/2016 13:24,10/30/2016 14:37,Business,Bryson City,Asheville,10.8,,,
10/30/2016 15:22,10/30/2016 18:23,Business,Asheville,Mebane,10.8,,,
10/30/2016 18:26,10/30/2016 19:39,Business,Mebane,Cary,10.8,,,
10/31/2016 18:11,10/31/2016 18:20,Business,Cary,Morrisville,10.9,,,
10/31/2016 18:47,10/31/2016 19:16,Business,Morrisville,Raleigh,10.9,,,
10/31/2016 20:18,10/31/2016 20:44,Business,Raleigh,Cary,10.9,,,
10/31/2016 21:45,10/31/2016 22:10,Business,Savon Height,Whitebridge,11.0,Errand/Supplies,,
11/1/2016 11:50,11/1/2016 12:27,Business,Cary,Durham,11.0,,,
11/1/2016 16:29,11/1/2016 17:02,Business,Durham,Cary,11.1,,,
11/1/2016 17:35,11/1/2016 17:42,Business,Whitebridge,Whitebridge,11.2,,,
11/1/2016 19:14,11/1/2016 19:20,Business,Whitebridge,Whitebridge,11.2,,,
11/1/2016 19:59,11/1/2016 20:12,Business,Whitebridge,Whitebridge,11.2,,,
11/1/2016 20:41,11/1/2016 20:55,Business,Whitebridge,Whitebridge,11.2,Meal/Entertain,,
11/2/2016 15:10,11/2/2016 15:18,Business,Whitebridge,Westpark Place,11.3,,,
11/2/2016 15:45,11/2/2016 15:52,Business,Westpark Place,Whitebridge,11.3,,,
11/2/2016 16:46,11/2/2016 17:11,Business,Cary,Morrisville,11.3,Meeting,,
11/2/2016 17:34,11/2/2016 17:49,Business,Morrisville,Morrisville,11.4,,,
11/2/2016 17:53,11/2/2016 18:00,Business,Morrisville,Cary,11.4,,,
11/3/2016 11:28,11/3/2016 11:34,Business,Whitebridge,Hazelwood,11.5,,,
11/3/2016 12:43,11/3/2016 12:49,Business,Hazelwood,Whitebridge,11.5,,,
11/3/2016 13:42,11/3/2016 13:47,Business,Whitebridge,Westpark Place,11.5,,,
11/3/2016 14:13,11/3/2016 14:26,Business,Westpark Place,Whitebridge,11.6,,,
11/3/2016 18:51,11/3/2016 19:08,Business,Cary,Morrisville,11.6,Meal/Entertain,,
11/3/2016 22:46,11/3/2016 22:58,Business,Morrisville,Cary,11.6,Customer Visit,,
11/4/2016 10:02,11/4/2016 10:18,Business,Cary,Morrisville,11.8,Temporary Site,,
11/4/2016 18:14,11/4/2016 18:21,Business,San Jose,Santa Clara,11.8,,,
11/4/2016 21:04,11/4/2016 21:20,Business,Agnew,Cory,11.8,,,
11/4/2016 22:12,11/4/2016 22:25,Business,Cory,Agnew,11.8,,,
11/5/2016 8:34,11/5/2016 8:43,Business,Agnew,Renaissance,11.8,,,
11/5/2016 17:29,11/5/2016 17:40,Business,Renaissance,Agnew,11.8,,,
11/5/2016 19:20,11/5/2016 19:28,Business,Agnew,Agnew,11.9,,,
11/6/2016 10:50,11/6/2016 11:04,Business,Agnew,Renaissance,11.9,,,
11/6/2016 16:05,11/6/2016 16:22,Business,Renaissance,Agnew,11.9,Meeting,,
11/6/2016 16:27,11/6/2016 17:28,Business,Santa Clara,Berkeley,12.0,Customer Visit,,
11/6/2016 19:04,11/6/2016 19:12,Business,Downtown,West Berkeley,12.0,,,
11/6/2016 20:06,11/6/2016 20:21,Business,West Berkeley,Central,12.0,,,
11/7/2016 12:28,11/7/2016 12:57,Business,Berkeley,San Francisco,12.1,Between Offices,,
11/7/2016 19:17,11/7/2016 19:57,Business,San Francisco,Berkeley,12.1,Between Offices,,
11/8/2016 10:29,11/8/2016 10:57,Business,Berkeley,San Francisco,12.1,Between Offices,,
11/8/2016 12:16,11/8/2016 12:49,Business,San Francisco,Berkeley,12.2,Meeting,,
11/8/2016 13:41,11/8/2016 14:01,Business,Berkeley,Emeryville,12.2,,,
11/8/2016 16:21,11/8/2016 16:34,Business,Emeryville,Berkeley,12.2,,,
11/9/2016 13:08,11/9/2016 13:41,Business,Berkeley,San Francisco,12.2,,,
11/9/2016 15:58,11/9/2016 16:04,Business,NOMA,Downtown,12.2,,,
11/9/2016 17:31,11/9/2016 18:03,Business,Downtown,Sunnyside,12.3,,,
11/9/2016 18:09,11/9/2016 18:14,Business,Sunnyside,Ingleside,12.3,,,
11/9/2016 18:21,11/9/2016 18:35,Business,Ingleside,Potrero Flats,12.4,Meeting,,
11/9/2016 18:40,11/9/2016 19:17,Business,San Francisco,Oakland,12.4,Customer Visit,,
11/9/2016 20:52,11/9/2016 21:02,Business,Oakland,Berkeley,12.4,,,
11/9/2016 21:56,11/9/2016 22:02,Business,Central,Central,12.4,,,
11/10/2016 9:46,11/10/2016 10:15,Business,Berkeley,San Francisco,12.5,Temporary Site,,
11/10/2016 10:20,11/10/2016 10:31,Business,Tenderloin,SOMISSPO,12.5,,,
11/10/2016 14:57,11/10/2016 15:07,Business,SOMISSPO,Tenderloin,12.5,,,
11/10/2016 15:17,11/10/2016 15:22,Business,San Francisco,Oakland,12.6,Temporary Site,,
11/10/2016 15:30,11/10/2016 15:53,Business,Oakland,Berkeley,12.6,Meeting,,
11/10/2016 19:18,11/10/2016 19:21,Business,West Berkeley,Central,12.6,,,
11/11/2016 9:35,11/11/2016 10:23,Business,Berkeley,Menlo Park,12.6,Customer Visit,,
11/11/2016 12:58,11/11/2016 13:13,Business,Menlo Park,Palo Alto,12.7,,,
11/11/2016 14:20,11/11/2016 14:32,Business,Palo Alto,Menlo Park,12.7,,,
11/11/2016 14:39,11/11/2016 15:46,Business,Menlo Park,Berkeley,12.7,Customer Visit,,
11/11/2016 18:30,11/11/2016 18:43,Business,Central,College Avenue,12.7,,,
11/11/2016 21:08,11/11/2016 21:18,Business,College Avenue,Central,12.7,,,
11/12/2016 10:32,11/12/2016 10:52,Business,Central,South,12.8,,,
11/12/2016 10:55,11/12/2016 11:25,Business,South,Downtown,12.8,,,
11/12/2016 13:07,11/12/2016 13:15,Business,Downtown,Central,12.8,,,
11/12/2016 13:46,11/12/2016 13:50,Business,Central,West Berkeley,12.8,,,
11/12/2016 14:22,11/12/2016 14:53,Business,West Berkeley,South,12.9,Meeting,,
11/12/2016 15:14,11/12/2016 15:21,Business,South,Southwest Berkeley,12.9,,,
11/12/2016 15:25,11/12/2016 15:36,Business,Berkeley,Emeryville,12.9,,,
11/12/2016 15:40,11/12/2016 15:59,Business,Emeryville,Berkeley,12.9,Errand/Supplies,,
11/13/2016 8:54,11/13/2016 9:02,Business,Central,Central,12.9,,,
11/13/2016 9:27,11/13/2016 9:53,Business,Central,Central,12.9,,,
11/13/2016 10:31,11/13/2016 10:37,Business,Central,Southside,13.0,,,
11/13/2016 11:04,11/13/2016 11:16,Business,Southside,West Berkeley,13.0,,,
11/13/2016 12:22,11/13/2016 12:51,Business,West Berkeley,Southside,13.0,Meeting,,
11/13/2016 13:05,11/13/2016 13:11,Business,Southside,South Berkeley,13.0,,,
11/13/2016 13:14,11/13/2016 13:18,Business,South Berkeley,Southside,13.0,,,
11/13/2016 14:35,11/13/2016 14:46,Business,Southside,Central,13.0,,,
11/13/2016 15:14,11/13/2016 15:24,Business,Central,Southside,13.0,,,
11/13/2016 15:47,11/13/2016 15:59,Business,Southside,Central,13.0,,,
11/14/2016 11:24,11/14/2016 12:13,Business,Berkeley,Mountain View,13.1,Customer Visit,,
11/14/2016 13:40,11/14/2016 14:33,Business,Mountain View,Berkeley,13.2,Customer Visit,,
11/14/2016 15:27,11/14/2016 15:36,Business,Berkeley,Emeryville,13.2,,,
11/14/2016 20:19,11/14/2016 20:30,Business,Emeryville,Berkeley,13.2,Errand/Supplies,,
11/15/2016 13:59,11/15/2016 14:06,Business,Berkeley,Oakland,13.2,,,
11/15/2016 14:09,11/15/2016 14:26,Business,Oakland,San Francisco,13.2,Temporary Site,,
11/15/2016 20:44,11/15/2016 21:00,Business,San Francisco,Berkeley,13.3,Temporary Site,,
11/16/2016 20:21,11/16/2016 20:27,Business,Berkeley,El Cerrito,13.3,Temporary Site,,
11/16/2016 22:52,11/16/2016 23:02,Business,El Cerrito,Berkeley,13.3,Meal/Entertain,,
11/17/2016 10:13,11/17/2016 10:44,Business,Berkeley,Oakland,13.4,Customer Visit,,
11/18/2016 20:09,11/18/2016 20:19,Business,Cary,Morrisville,13.5,Meal/Entertain,,
11/18/2016 21:23,11/18/2016 21:34,Business,Morrisville,Cary,13.5,Meal/Entertain,,
11/18/2016 21:56,11/18/2016 22:21,Business,Krendle Woods,Whitebridge,13.6,Meeting,,
11/19/2016 13:51,11/19/2016 14:10,Business,Cary,Durham,13.6,Meeting,,
11/19/2016 14:30,11/19/2016 14:51,Business,Durham,Cary,13.6,Meeting,,
11/19/2016 16:01,11/19/2016 16:06,Business,Cary,Cary,13.6,,,
11/19/2016 16:27,11/19/2016 16:41,Business,Cary,Cary,13.6,,,
11/19/2016 17:41,11/19/2016 17:54,Business,Cary,Apex,13.7,Errand/Supplies,,
11/19/2016 21:14,11/19/2016 21:35,Business,Apex,Cary,13.8,Customer Visit,,
11/20/2016 10:27,11/20/2016 11:32,Business,Cary,Cary,13.8,Between Offices,,
11/20/2016 11:58,11/20/2016 12:28,Business,Cary,Cary,13.9,Customer Visit,,
11/20/2016 14:58,11/20/2016 15:07,Business,Cary,Cary,14.0,Meeting,,
11/20/2016 17:45,11/20/2016 18:37,Business,Cary,Cary,14.0,Errand/Supplies,,
11/21/2016 13:37,11/21/2016 13:49,Business,Cary,Cary,14.0,Meal/Entertain,,
11/21/2016 14:34,11/21/2016 14:44,Business,Cary,Cary,14.0,Meal/Entertain,,
11/21/2016 17:50,11/21/2016 18:04,Business,Cary,Unknown Location,14.1,Errand/Supplies,,
11/21/2016 18:18,11/21/2016 18:27,Business,Unknown Location,Morrisville,14.1,Meal/Entertain,,
11/21/2016 18:43,11/21/2016 18:51,Business,Morrisville,Cary,14.2,Errand/Supplies,,
11/22/2016 15:12,11/22/2016 15:27,Business,Cary,Cary,14.2,Meeting,,
11/22/2016 15:31,11/22/2016 15:44,Business,Cary,Cary,14.4,Meeting,,
11/22/2016 15:51,11/22/2016 16:43,Business,Cary,Cary,14.4,Customer Visit,,
11/22/2016 18:18,11/22/2016 18:28,Business,Cary,Morrisville,14.5,Meal/Entertain,,
11/22/2016 21:02,11/22/2016 21:14,Business,Morrisville,Cary,14.5,Customer Visit,,
11/23/2016 15:34,11/23/2016 15:50,Business,Cary,Cary,14.5,Meal/Entertain,,
11/23/2016 16:18,11/23/2016 16:29,Business,Cary,Cary,14.6,,,
11/23/2016 16:49,11/23/2016 17:00,Business,Cary,Cary,14.7,,,
11/23/2016 18:37,11/23/2016 18:47,Business,Cary,Cary,14.7,,,
11/25/2016 11:47,11/25/2016 12:04,Business,Cary,Durham,14.7,Meeting,,
11/25/2016 13:13,11/25/2016 13:31,Business,Durham,Cary,14.9,Meeting,,
11/26/2016 15:54,11/26/2016 15:59,Business,Cary,Cary,14.9,,,
11/26/2016 17:00,11/26/2016 17:12,Business,Cary,Apex,15.0,Meeting,,
11/26/2016 17:36,11/26/2016 17:56,Business,Apex,Holly Springs,15.1,Meeting,,
11/26/2016 18:29,11/26/2016 19:04,Business,Holly Springs,Cary,15.1,Between Offices,,
11/26/2016 19:47,11/26/2016 19:54,Business,Cary,Cary,15.1,Errand/Supplies,,
11/27/2016 15:59,11/27/2016 16:06,Business,Cary,Morrisville,15.1,Meal/Entertain,,
11/27/2016 18:55,11/27/2016 19:09,Business,Morrisville,Cary,15.2,,,
11/30/2016 11:03,11/30/2016 11:34,Business,Cary,Raleigh,15.2,Customer Visit,,
11/30/2016 11:53,11/30/2016 12:35,Business,Raleigh,Morrisville,15.3,Temporary Site,,
11/30/2016 12:43,11/30/2016 12:53,Business,Morrisville,Cary,15.3,,,
12/1/2016 7:44,12/1/2016 7:59,Business,Cary,Cary,15.4,Meeting,,
12/1/2016 8:37,12/1/2016 8:53,Business,Cary,Cary,15.5,Errand/Supplies,,
12/1/2016 18:00,12/1/2016 18:12,Business,Cary,Morrisville,15.5,Meal/Entertain,,
12/1/2016 20:36,12/1/2016 20:46,Business,Morrisville,Cary,15.5,Customer Visit,,
12/2/2016 12:12,12/2/2016 12:23,Business,Cary,Apex,15.6,Meal/Entertain,,
12/2/2016 13:07,12/2/2016 13:22,Business,Apex,Cary,15.6,Customer Visit,,
12/2/2016 20:41,12/2/2016 20:48,Business,Cary,Morrisville,15.6,Meal/Entertain,,
12/2/2016 22:59,12/2/2016 23:07,Business,Morrisville,Cary,15.7,Customer Visit,,
12/3/2016 18:35,12/3/2016 18:56,Business,Cary,Wake Co.,15.7,Errand/Supplies,,
12/3/2016 19:08,12/3/2016 19:15,Business,Wake Co.,Morrisville,15.7,,,
12/3/2016 20:31,12/3/2016 20:41,Business,Morrisville,Cary,15.9,Customer Visit,,
12/4/2016 18:56,12/4/2016 19:03,Business,Cary,Morrisville,16.1,Meal/Entertain,,
12/4/2016 20:23,12/4/2016 20:34,Business,Morrisville,Cary,16.2,Customer Visit,,
12/5/2016 18:04,12/5/2016 18:17,Business,Cary,Cary,16.2,,,
12/5/2016 19:22,12/5/2016 19:37,Business,Cary,Cary,16.2,Meal/Entertain,,
12/7/2016 12:03,12/7/2016 12:32,Business,Cary,Cary,16.3,Meeting,,
12/7/2016 12:35,12/7/2016 12:46,Business,Cary,Cary,16.3,Meeting,,
12/7/2016 19:53,12/7/2016 20:13,Business,Cary,Cary,16.3,Customer Visit,,
12/7/2016 21:13,12/7/2016 21:50,Business,Cary,Cary,16.4,Meal/Entertain,,
12/8/2016 14:19,12/8/2016 14:32,Business,Cary,Cary,16.4,Errand/Supplies,,
12/8/2016 14:53,12/8/2016 15:02,Business,Cary,Cary,16.5,Errand/Supplies,,
12/8/2016 19:22,12/8/2016 19:27,Business,Cary,Cary,16.5,Meeting,,
12/8/2016 21:26,12/8/2016 21:31,Business,Cary,Cary,16.5,Errand/Supplies,,
12/9/2016 12:09,12/9/2016 12:24,Business,Cary,Apex,16.5,Errand/Supplies,,
12/9/2016 13:15,12/9/2016 13:43,Business,Apex,Cary,16.6,Temporary Site,,
12/9/2016 20:11,12/9/2016 20:34,Business,Cary,Cary,16.7,Meeting,,
12/9/2016 22:03,12/9/2016 22:57,Business,Cary,Cary,17.0,Customer Visit,,
12/10/2016 12:43,12/10/2016 13:16,Business,Cary,Fuquay-Varina,17.0,Meeting,,
12/10/2016 14:42,12/10/2016 15:18,Business,Fuquay-Varina,Cary,17.0,Errand/Supplies,,
12/10/2016 18:17,12/10/2016 18:27,Business,Cary,Morrisville,17.0,Meal/Entertain,,
12/10/2016 22:09,12/10/2016 22:21,Business,Morrisville,Cary,17.1,Customer Visit,,
12/11/2016 16:06,12/11/2016 16:16,Business,Cary,Morrisville,17.1,Meal/Entertain,,
12/11/2016 19:05,12/11/2016 19:15,Business,Morrisville,Cary,17.2,Errand/Supplies,,
12/11/2016 21:48,12/11/2016 21:56,Business,Cary,Cary,17.2,Errand/Supplies,,
12/12/2016 13:22,12/12/2016 13:32,Business,Cary,Cary,17.3,Errand/Supplies,,
12/12/2016 13:36,12/12/2016 13:51,Business,Cary,Apex,17.3,Meal/Entertain,,
12/12/2016 14:26,12/12/2016 14:39,Business,Apex,Cary,17.4,Customer Visit,,
12/12/2016 17:51,12/12/2016 18:01,Business,Cary,Morrisville,17.6,Meal/Entertain,,
12/12/2016 20:48,12/12/2016 20:57,Business,Morrisville,Cary,17.6,Customer Visit,,
12/13/2016 18:19,12/13/2016 18:29,Business,Cary,Cary,17.7,Errand/Supplies,,
12/13/2016 20:20,12/13/2016 20:29,Business,Cary,Cary,17.9,Meal/Entertain,,
12/14/2016 16:52,12/14/2016 17:10,Business,Cary,Cary,18.0,,,
12/14/2016 17:22,12/14/2016 17:34,Business,Cary,Cary,18.0,,,
12/14/2016 17:50,12/14/2016 18:00,Business,Cary,Morrisville,18.2,Meal/Entertain,,
12/14/2016 20:24,12/14/2016 20:40,Business,Morrisville,Cary,18.2,Customer Visit,,
12/15/2016 14:20,12/15/2016 14:54,Business,Cary,Morrisville,18.3,Meeting,,
12/17/2016 15:38,12/17/2016 16:12,Business,Unknown Location,Unknown Location,18.3,Airport/Travel,,
12/17/2016 17:19,12/17/2016 17:59,Business,Unknown Location,Unknown Location,18.4,Temporary Site,,
12/18/2016 13:03,12/18/2016 13:41,Business,Unknown Location,Unknown Location,18.4,Errand/Supplies,,
12/18/2016 16:38,12/18/2016 17:25,Business,Unknown Location,Unknown Location,18.4,Errand/Supplies,,
12/18/2016 20:35,12/18/2016 21:04,Business,Unknown Location,Unknown Location,18.5,,,
12/19/2016 9:08,12/19/2016 9:36,Business,Unknown Location,Islamabad,18.6,Errand/Supplies,,
12/19/2016 10:15,12/19/2016 10:34,Business,Islamabad,Rawalpindi,18.7,Temporary Site,,
12/19/2016 13:04,12/19/2016 13:08,Business,Rawalpindi,Unknown Location,18.7,Errand/Supplies,,
12/19/2016 13:24,12/19/2016 13:35,Business,Unknown Location,Unknown Location,18.9,,,
12/19/2016 14:07,12/19/2016 14:15,Business,Unknown Location,Unknown Location,19.0,,,
12/19/2016 14:18,12/19/2016 14:32,Business,Unknown Location,Unknown Location,19.0,,,
12/19/2016 14:37,12/19/2016 14:50,Business,Unknown Location,Unknown Location,19.0,,,
12/19/2016 15:09,12/19/2016 15:38,Business,Unknown Location,Rawalpindi,19.1,Customer Visit,,
12/19/2016 16:50,12/19/2016 17:09,Business,Rawalpindi,Islamabad,19.3,Customer Visit,,
12/19/2016 19:05,12/19/2016 19:17,Business,Islamabad,Unknown Location,19.4,,,
12/19/2016 19:55,12/19/2016 20:30,Business,Unknown Location,Unknown Location,19.4,Meeting,,
12/20/2016 8:49,12/20/2016 9:24,Business,Unknown Location,Rawalpindi,20.0,,,
12/20/2016 10:30,12/20/2016 10:48,Business,Rawalpindi,Rawalpindi,20.2,Errand/Supplies,,
12/20/2016 11:30,12/20/2016 12:17,Business,Rawalpindi,Unknown Location,20.3,Meeting,,
12/20/2016 13:14,12/20/2016 13:20,Business,Unknown Location,Unknown Location,20.5,Errand/Supplies,,
12/20/2016 13:54,12/20/2016 14:17,Business,Unknown Location,Islamabad,20.5,Temporary Site,,
12/20/2016 16:14,12/20/2016 16:24,Business,Islamabad,Islamabad,20.6,Errand/Supplies,,
12/20/2016 16:56,12/20/2016 17:07,Business,Islamabad,Islamabad,21.4,Errand/Supplies,,
12/20/2016 18:47,12/20/2016 19:21,Business,Islamabad,Unknown Location,21.9,Customer Visit,,
12/21/2016 7:42,12/21/2016 8:10,Business,Unknown Location,Unknown Location,22.3,Meeting,,
12/21/2016 10:14,12/21/2016 10:30,Business,Unknown Location,Islamabad,22.4,Errand/Supplies,,
12/21/2016 11:35,12/21/2016 11:49,Business,Islamabad,Unknown Location,22.5,Meal/Entertain,,
12/21/2016 12:51,12/21/2016 13:33,Business,Unknown Location,Unknown Location,22.7,Meeting,,
12/21/2016 15:38,12/21/2016 15:49,Business,Unknown Location,Unknown Location,23.0,Errand/Supplies,,
12/21/2016 15:55,12/21/2016 16:05,Business,Unknown Location,Islamabad,23.1,Errand/Supplies,,
12/21/2016 17:45,12/21/2016 17:54,Business,Islamabad,Islamabad,23.2,Meeting,,
12/21/2016 17:59,12/21/2016 18:31,Business,Islamabad,Unknown Location,23.3,Customer Visit,,
12/21/2016 19:49,12/21/2016 20:35,Business,Unknown Location,Rawalpindi,23.5,Meeting,,
12/21/2016 20:56,12/21/2016 23:42,Business,Rawalpindi,Unknown Location,23.5,Meeting,,
12/22/2016 15:40,12/22/2016 16:38,Business,Unknown Location,Unknown Location,23.8,Meeting,,
12/22/2016 17:04,12/22/2016 17:20,Business,Unknown Location,Unknown Location,25.2,Customer Visit,,
12/22/2016 17:27,12/22/2016 17:53,Business,Unknown Location,Unknown Location,25.6,Meeting,,
12/22/2016 17:56,12/22/2016 18:29,Business,Unknown Location,Unknown Location,25.6,Meeting,,
12/22/2016 18:31,12/22/2016 18:37,Business,Unknown Location,Unknown Location,25.7,Errand/Supplies,,
12/22/2016 18:38,12/22/2016 18:47,Business,Unknown Location,Unknown Location,25.9,Temporary Site,,
12/22/2016 19:04,12/22/2016 19:50,Business,Unknown Location,Lahore,27.2,Meeting,,
12/22/2016 21:41,12/22/2016 21:53,Business,Lahore,Lahore,28.1,Meal/Entertain,,
12/22/2016 23:27,12/22/2016 23:32,Business,Lahore,Lahore,28.1,Customer Visit,,
12/23/2016 9:21,12/23/2016 9:41,Business,Lahore,Lahore,28.2,Meeting,,
12/23/2016 11:33,12/23/2016 11:58,Business,Lahore,Unknown Location,28.6,Meeting,,
12/23/2016 14:15,12/23/2016 15:25,Business,Unknown Location,Unknown Location,28.8,Meeting,,
12/23/2016 16:23,12/23/2016 16:34,Business,Unknown Location,Unknown Location,29.8,Errand/Supplies,,
12/23/2016 17:34,12/23/2016 18:27,Business,Unknown Location,Lahore,30.0,Meal/Entertain,,
12/24/2016 7:43,12/24/2016 8:04,Business,Lahore,Unknown Location,30.2,Meal/Entertain,,
12/24/2016 9:19,12/24/2016 9:55,Business,Unknown Location,Lahore,31.7,Meal/Entertain,,
12/24/2016 10:34,12/24/2016 10:53,Business,Lahore,Lahore,31.9,Meal/Entertain,,
12/24/2016 12:51,12/24/2016 12:53,Business,Lahore,Lahore,32.3,Errand/Supplies,,
12/24/2016 13:08,12/24/2016 13:29,Business,Lahore,Lahore,32.8,Errand/Supplies,,
12/24/2016 17:12,12/24/2016 17:27,Business,Lahore,Lahore,33.2,Errand/Supplies,,
12/24/2016 19:12,12/24/2016 19:27,Business,Lahore,Lahore,35.0,Meal/Entertain,,
12/24/2016 22:04,12/24/2016 22:09,Business,Lahore,Lahore,35.1,Errand/Supplies,,
12/25/2016 0:10,12/25/2016 0:14,Business,Lahore,Lahore,36.5,Errand/Supplies,,
12/25/2016 19:15,12/25/2016 19:26,Business,Lahore,Lahore,36.6,Meal/Entertain,,
12/25/2016 21:58,12/25/2016 22:04,Business,Lahore,Lahore,37.7,Meal/Entertain,,
12/26/2016 8:30,12/26/2016 8:41,Business,Lahore,Lahore,39.2,Meal/Entertain,,
12/26/2016 9:05,12/26/2016 9:19,Business,Lahore,Lahore,40.2,Customer Visit,,
12/26/2016 10:15,12/26/2016 10:36,Business,Lahore,Lahore,40.7,Customer Visit,,
12/26/2016 11:29,12/26/2016 11:42,Business,Lahore,Lahore,41.9,Customer Visit,,
12/26/2016 13:09,12/26/2016 13:43,Business,Lahore,Unknown Location,43.6,Meeting,,
12/27/2016 7:02,12/27/2016 7:14,Business,Kar?chi,Kar?chi,43.7,Temporary Site,,
12/27/2016 8:37,12/27/2016 8:59,Business,Kar?chi,Kar?chi,43.9,Meal/Entertain,,
12/27/2016 12:53,12/27/2016 12:57,Business,Kar?chi,Kar?chi,44.6,Meal/Entertain,,
12/27/2016 14:49,12/27/2016 15:03,Business,Kar?chi,Unknown Location,44.6,Customer Visit,,
12/27/2016 16:34,12/27/2016 16:58,Business,Unknown Location,Kar?chi,45.2,Meeting,,
12/27/2016 19:19,12/27/2016 19:50,Business,Kar?chi,Kar?chi,45.9,Customer Visit,,
12/28/2016 8:34,12/28/2016 9:06,Business,Kar?chi,Unknown Location,46.9,Meal/Entertain,,
12/28/2016 11:42,12/28/2016 12:12,Business,Unknown Location,Kar?chi,47.7,Errand/Supplies,,
12/28/2016 13:53,12/28/2016 14:01,Business,Kar?chi,Kar?chi,48.2,Errand/Supplies,,
12/28/2016 15:04,12/28/2016 15:39,Business,Kar?chi,Unknown Location,50.4,Meal/Entertain,,
12/28/2016 17:02,12/28/2016 17:16,Business,Unknown Location,Kar?chi,57.0,Errand/Supplies,,
12/28/2016 18:33,12/28/2016 18:56,Business,Kar?chi,Kar?chi,63.7,Errand/Supplies,,
12/28/2016 22:44,12/28/2016 23:18,Business,Kar?chi,Kar?chi,68.4,Errand/Supplies,,
12/29/2016 0:49,12/29/2016 1:06,Business,Kar?chi,Kar?chi,69.1,Errand/Supplies,,
12/29/2016 9:44,12/29/2016 10:07,Business,Kar?chi,Unknown Location,75.7,Meal/Entertain,,
12/29/2016 11:28,12/29/2016 12:00,Business,Unknown Location,Kar?chi,77.3,Meal/Entertain,,
12/29/2016 12:25,12/29/2016 12:33,Business,Kar?chi,Kar?chi,80.5,Errand/Supplies,,
12/29/2016 13:17,12/29/2016 13:24,Business,Kar?chi,Kar?chi,86.6,Errand/Supplies,,
12/29/2016 13:56,12/29/2016 14:11,Business,Kar?chi,Kar?chi,91.8,Airport/Travel,,
12/29/2016 14:42,12/29/2016 14:58,Business,Kar?chi,Kar?chi,96.2,Between Offices,,
12/29/2016 15:05,12/29/2016 15:16,Business,Kar?chi,Kar?chi,103.0,Errand/Supplies,,
12/29/2016 18:59,12/29/2016 19:14,Business,Kar?chi,Unknown Location,107.0,Meal/Entertain,,
12/29/2016 19:50,12/29/2016 20:10,Business,Unknown Location,Kar?chi,112.6,Customer Visit,,
12/29/2016 20:15,12/29/2016 20:45,Business,Kar?chi,Kar?chi,133.6,Meeting,,
12/29/2016 20:53,12/29/2016 21:42,Business,Kar?chi,Unknown Location,136.0,,,
12/29/2016 23:14,12/29/2016 23:47,Business,Unknown Location,Kar?chi,144.0,Meeting,,
12/30/2016 10:15,12/30/2016 10:33,Business,Kar?chi,Kar?chi,144.0,Errand/Supplies,,
12/30/2016 11:31,12/30/2016 11:56,Business,Kar?chi,Kar?chi,156.9,Errand/Supplies,,
12/30/2016 15:41,12/30/2016 16:03,Business,Kar?chi,Kar?chi,159.3,Errand/Supplies,,
12/30/2016 16:45,12/30/2016 17:08,Business,Kar?chi,Kar?chi,174.2,Meeting,,
12/30/2016 23:06,12/30/2016 23:10,Business,Kar?chi,Kar?chi,180.2,Customer Visit,,
12/31/2016 1:07,12/31/2016 1:14,Business,Kar?chi,Kar?chi,195.3,Meeting,,
12/31/2016 13:24,12/31/2016 13:42,Business,Kar?chi,Unknown Location,195.6,Temporary Site,,
12/31/2016 15:03,12/31/2016 15:38,Business,Unknown Location,Unknown Location,195.9,Meeting,,
12/31/2016 21:32,12/31/2016 21:50,Business,Katunayake,Gampaha,201.0,Temporary Site,,
12/31/2016 22:08,12/31/2016 23:51,Business,Gampaha,Ilukwatta,310.3,Temporary Site,,
Totals,,,,,12204.7,,,
